CD_MUN;NM_MUN;SIGLA_UF;CD_RGI;NM_RGI;CD_RGINT;NM_RGINT;CD_CONCURB;NM_CONCURB;AREA_KM2;Flag_Conurbacao
3118205;Conquista;MG;310055;Uberaba;3110;Uberaba;;;618.363;Sem conurbação
3110806;Campanário;MG;310013;Teófilo Otoni;3103;Teófilo Otoni;;;442.398;Sem conurbação
3543402;Ribeirão Preto;SP;350031;Ribeirão Preto;3508;Ribeirão Preto;3543402;Ribeirão Preto/SP;650.916;Conurbação
3167509;Simão Pereira;MG;310027;Juiz de Fora;3106;Juíz de Fora;3136702;Juiz de Fora/MG;135.689;Conurbação
3518859;Guatapará;SP;350031;Ribeirão Preto;3508;Ribeirão Preto;;;413.653;Sem conurbação
3102605;Andradas;MG;310051;Poços de Caldas;3109;Pouso Alegre;;;469.396;Sem conurbação
3518206;Guararapes;SP;350022;Araçatuba;3506;Araçatuba;;;955.637;Sem conurbação
3159308;Santa Rita de Jacutinga;MG;310027;Juiz de Fora;3106;Juíz de Fora;;;420.94;Sem conurbação
3142809;Monte Alegre de Minas;MG;310059;Uberlândia;3111;Uberlândia;;;2595.957;Sem conurbação
3510005;Cândido Mota;SP;350014;Assis;3504;Marília;;;595.811;Sem conurbação
3502606;Aparecida d'Oeste;SP;350028;Jales;3507;São José do Rio Preto;;;179.004;Sem conurbação
3110103;Caiana;MG;310034;Carangola;3106;Juíz de Fora;;;106.465;Sem conurbação
3134608;Jaboticatubas;MG;310001;Belo Horizonte;3101;Belo Horizonte;;;1114.972;Sem conurbação
3101904;Alpinópolis;MG;310041;Passos;3108;Varginha;;;460.685;Sem conurbação
3143153;Monte Formoso;MG;310013;Teófilo Otoni;3103;Teófilo Otoni;;;385.553;Sem conurbação
3110202;Cajuri;MG;310033;Viçosa;3106;Juíz de Fora;;;83.038;Sem conurbação
3534609;Osvaldo Cruz;SP;350019;Adamantina - Lucélia;3505;Presidente Prudente;;;248.038;Sem conurbação
3305703;Sumidouro;RJ;330008;Nova Friburgo;3303;Petrópolis;;;413.407;Sem conurbação
3167400;Silvianópolis;MG;310050;Pouso Alegre;3109;Pouso Alegre;;;312.166;Sem conurbação
3102001;Alterosa;MG;310042;Alfenas;3108;Varginha;;;362.01;Sem conurbação
3502408;Anhumas;SP;350018;Presidente Prudente;3505;Presidente Prudente;3541406;Presidente Prudente/SP;320.84;Conurbação
3526407;Laranjal Paulista;SP;350040;Piracicaba;3510;Campinas;;;384.274;Sem conurbação
3159209;Santa Rita de Caldas;MG;310051;Poços de Caldas;3109;Pouso Alegre;;;503.011;Sem conurbação
3126752;Franciscópolis;MG;310013;Teófilo Otoni;3103;Teófilo Otoni;;;717.087;Sem conurbação
3502507;Aparecida;SP;350052;Guaratinguetá;3511;São José dos Campos;3518404;Guaratinguetá/SP;120.89;Conurbação
3151008;Piranguinho;MG;310052;Itajubá;3109;Pouso Alegre;3132404;Itajubá/MG;124.803;Conurbação
3110004;Caeté;MG;310001;Belo Horizonte;3101;Belo Horizonte;3106200;Belo Horizonte/MG;542.531;Conurbação
3143203;Monte Santo de Minas;MG;310047;São Sebastião do Paraíso;3108;Varginha;;;594.632;Sem conurbação
3101805;Alpercata;MG;310020;Governador Valadares;3104;Governador Valadares;;;166.972;Sem conurbação
3551009;São Vicente;SP;350002;Santos;3501;São Paulo;3548500;Baixada Santista/SP;147.774;Conurbação
3167707;Sobrália;MG;310020;Governador Valadares;3104;Governador Valadares;;;206.787;Sem conurbação
3135001;Jaguaraçu;MG;310024;Ipatinga;3105;Ipatinga;3131307;Ipatinga/MG;163.76;Conurbação
3305752;Tanguá;RJ;330001;Rio de Janeiro;3301;Rio de Janeiro;3304557;Rio de Janeiro/RJ;143.007;Conurbação
3534500;Oscar Bressane;SP;350013;Marília;3504;Marília;;;222.13;Sem conurbação
3305604;Silva Jardim;RJ;330003;Rio Bonito;3301;Rio de Janeiro;;;937.755;Sem conurbação
3501806;Américo de Campos;SP;350027;Votuporanga;3507;São José do Rio Preto;;;252.876;Sem conurbação
3126802;Frei Gaspar;MG;310013;Teófilo Otoni;3103;Teófilo Otoni;;;626.672;Sem conurbação
3542800;Ribeira;SP;350004;Itapeva;3502;Sorocaba;;;335.759;Sem conurbação
3159506;Santa Rita do Itueto;MG;310023;Aimorés - Resplendor;3104;Governador Valadares;;;485.081;Sem conurbação
3167806;Soledade de Minas;MG;310053;São Lourenço;3109;Pouso Alegre;;;196.866;Sem conurbação
3526308;Lagoinha;SP;350050;Taubaté - Pindamonhangaba;3511;São José dos Campos;;;254.454;Sem conurbação
3509957;Canas;SP;350052;Guaratinguetá;3511;São José dos Campos;;;53.261;Sem conurbação
3143005;Monte Belo;MG;310044;Guaxupé;3108;Varginha;;;421.283;Sem conurbação
3118601;Contagem;MG;310001;Belo Horizonte;3101;Belo Horizonte;3106200;Belo Horizonte/MG;194.732;Conurbação
3151305;Piraúba;MG;310029;Ubá;3106;Juíz de Fora;;;144.289;Sem conurbação
3159605;Santa Rita do Sapucaí;MG;310050;Pouso Alegre;3109;Pouso Alegre;;;352.969;Sem conurbação
3518107;Guarantã;SP;350012;Lins;3503;Bauru;;;461.746;Sem conurbação
3134806;Jacuí;MG;310047;São Sebastião do Paraíso;3108;Varginha;;;409.229;Sem conurbação
3143104;Monte Carmelo;MG;310061;Monte Carmelo;3111;Uberlândia;;;1343.035;Sem conurbação
3550803;São Sebastião da Grama;SP;350047;São José do Rio Pardo - Mococa;3510;Campinas;;;252.41;Sem conurbação
3305554;Seropédica;RJ;330001;Rio de Janeiro;3301;Rio de Janeiro;3304557;Rio de Janeiro/RJ;265.189;Conurbação
3151404;Pitangui;MG;310065;Divinópolis;3113;Divinópolis;;;569.636;Sem conurbação
3110400;Camacho;MG;310065;Divinópolis;3113;Divinópolis;;;223.001;Sem conurbação
3509908;Cananéia;SP;350005;Registro;3502;Sorocaba;;;1237.354;Sem conurbação
3126604;Francisco Dumont;MG;310006;Montes Claros;3102;Montes Claros;;;1576.128;Sem conurbação
3534807;Ouro Verde;SP;350020;Dracena;3505;Presidente Prudente;;;266.778;Sem conurbação
3134905;Jacutinga;MG;310050;Pouso Alegre;3109;Pouso Alegre;;;347.667;Sem conurbação
3167608;Simonésia;MG;310028;Manhuaçu;3106;Juíz de Fora;;;486.543;Sem conurbação
3102209;Alvarenga;MG;310025;Caratinga;3105;Ipatinga;;;295.691;Sem conurbação
3542602;Registro;SP;350005;Registro;3502;Sorocaba;;;722.201;Sem conurbação
3550902;São Simão;SP;350031;Ribeirão Preto;3508;Ribeirão Preto;;;617.252;Sem conurbação
3126703;Francisco Sá;MG;310006;Montes Claros;3102;Montes Claros;;;2747.295;Sem conurbação
3159407;Santa Rita de Ibitipoca;MG;310037;Barbacena;3107;Barbacena;;;324.234;Sem conurbação
3526605;Lavrinhas;SP;350053;Cruzeiro;3511;São José dos Campos;;;166.948;Sem conurbação
3534906;Pacaembu;SP;350019;Adamantina - Lucélia;3505;Presidente Prudente;;;339.375;Sem conurbação
3142403;Moema;MG;310067;Dores do Indaiá;3113;Divinópolis;;;202.705;Sem conurbação
3542701;Restinga;SP;350033;Franca;3508;Ribeirão Preto;3516200;Franca/SP;245.746;Conurbação
3118502;Consolação;MG;310050;Pouso Alegre;3109;Pouso Alegre;;;89.122;Sem conurbação
3526704;Leme;SP;350045;Araras;3510;Campinas;;;402.871;Sem conurbação
3151206;Pirapora;MG;310010;Pirapora;3102;Montes Claros;;;549.514;Sem conurbação
3134202;Ituiutaba;MG;310060;Ituiutaba;3111;Uberlândia;;;2598.046;Sem conurbação
3518503;Guareí;SP;350006;Itapetininga;3502;Sorocaba;;;567.719;Sem conurbação
3551207;Sarutaiá;SP;350017;Piraju;3504;Marília;;;141.608;Sem conurbação
3126000;Florestal;MG;310001;Belo Horizonte;3101;Belo Horizonte;;;194.965;Sem conurbação
3534708;Ourinhos;SP;350015;Ourinhos;3504;Marília;3534708;Ourinhos/SP;295.818;Conurbação
3510302;Capela do Alto;SP;350003;Sorocaba;3502;Sorocaba;;;169.89;Sem conurbação
3117801;Conceição dos Ouros;MG;310050;Pouso Alegre;3109;Pouso Alegre;;;180.236;Sem conurbação
3543006;Ribeirão Branco;SP;350004;Itapeva;3502;Sorocaba;;;697.5;Sem conurbação
3526506;Lavínia;SP;350024;Andradina;3506;Araçatuba;;;537.675;Sem conurbação
3543105;Ribeirão Corrente;SP;350033;Franca;3508;Ribeirão Preto;3516200;Franca/SP;148.332;Conurbação
3166956;Serranópolis de Minas;MG;310007;Janaúba;3102;Montes Claros;;;551.954;Sem conurbação
3501707;Américo Brasiliense;SP;350036;Araraquara;3509;Araraquara;3503208;Araraquara/SP;122.958;Conurbação
3518305;Guararema;SP;350001;São Paulo;3501;São Paulo;;;270.816;Sem conurbação
3306008;Três Rios;RJ;330009;Três Rios - Paraíba do Sul;3303;Petrópolis;3306008;Três Rios - Paraíba do Sul/RJ;322.843;Conurbação
3102050;Alto Caparaó;MG;310028;Manhuaçu;3106;Juíz de Fora;;;103.69;Sem conurbação
3117876;Confins;MG;310001;Belo Horizonte;3101;Belo Horizonte;3106200;Belo Horizonte/MG;42.462;Conurbação
3510104;Cândido Rodrigues;SP;350036;Araraquara;3509;Araraquara;;;70.892;Sem conurbação
3534757;Ouroeste;SP;350029;Fernandópolis;3507;São José do Rio Preto;;;288.648;Sem conurbação
3518404;Guaratinguetá;SP;350052;Guaratinguetá;3511;São José dos Campos;3518404;Guaratinguetá/SP;752.636;Conurbação
3150570;Pintópolis;MG;310011;São Francisco;3102;Montes Claros;;;1228.736;Sem conurbação
3551108;Sarapuí;SP;350003;Sorocaba;3502;Sorocaba;;;352.592;Sem conurbação
3142254;Miravânia;MG;310007;Janaúba;3102;Montes Claros;;;602.128;Sem conurbação
3510203;Capão Bonito;SP;350004;Itapeva;3502;Sorocaba;;;1640.229;Sem conurbação
3117836;Cônego Marinho;MG;310009;Januária;3102;Montes Claros;;;1610.469;Sem conurbação
3150539;Pingo-d'Água;MG;310024;Ipatinga;3105;Ipatinga;;;66.57;Sem conurbação
3542909;Ribeirão Bonito;SP;350037;São Carlos;3509;Araraquara;;;471.553;Sem conurbação
3110301;Caldas;MG;310051;Poços de Caldas;3109;Pouso Alegre;;;711.414;Sem conurbação
3117702;Conceição do Rio Verde;MG;310053;São Lourenço;3109;Pouso Alegre;;;369.681;Sem conurbação
3167004;Serranos;MG;310054;Caxambu - Baependi;3109;Pouso Alegre;;;213.173;Sem conurbação
3102100;Alto Rio Doce;MG;310037;Barbacena;3107;Barbacena;;;518.053;Sem conurbação
3305802;Teresópolis;RJ;330007;Petrópolis;3303;Petrópolis;3305802;Teresópolis;773.338;Conurbação
3158805;Santana do Jacaré;MG;310048;Campo Belo;3108;Varginha;;;106.169;Sem conurbação
3510153;Canitar;SP;350015;Ourinhos;3504;Marília;3534708;Ourinhos/SP;57.459;Conurbação
3142304;Moeda;MG;310001;Belo Horizonte;3101;Belo Horizonte;;;154.129;Sem conurbação
3125952;Fervedouro;MG;310031;Muriaé;3106;Juíz de Fora;;;357.683;Sem conurbação
3525854;Jumirim;SP;350003;Sorocaba;3502;Sorocaba;;;56.685;Sem conurbação
3305901;Trajano de Moraes;RJ;330008;Nova Friburgo;3303;Petrópolis;;;591.152;Sem conurbação
3502101;Andradina;SP;350024;Andradina;3506;Araçatuba;;;964.226;Sem conurbação
3509502;Campinas;SP;350038;Campinas;3510;Campinas;3509502;Campinas/SP;794.57;Conurbação
3150604;Piracema;MG;310069;Oliveira;3113;Divinópolis;;;280.335;Sem conurbação
3109600;Cachoeira da Prata;MG;310002;Sete Lagoas;3101;Belo Horizonte;;;61.425;Sem conurbação
3134103;Itueta;MG;310023;Aimorés - Resplendor;3104;Governador Valadares;;;452.676;Sem conurbação
3166808;Serra do Salitre;MG;310064;Patrocínio;3112;Patos de Minas;;;1295.272;Sem conurbação
3101409;Albertina;MG;310050;Pouso Alegre;3109;Pouso Alegre;;;58.01;Sem conurbação
3125903;Ferros;MG;310005;Itabira;3101;Belo Horizonte;;;1088.791;Sem conurbação
3158607;Santana do Deserto;MG;310027;Juiz de Fora;3106;Juíz de Fora;3306008;Três Rios - Paraíba do Sul/RJ;182.655;Conurbação
3509452;Campina do Monte Alegre;SP;350006;Itapetininga;3502;Sorocaba;;;184.479;Sem conurbação
3166907;Serrania;MG;310042;Alfenas;3108;Varginha;;;209.27;Sem conurbação
3534104;Oriente;SP;350013;Marília;3504;Marília;3529005;Marília/SP;218.668;Conurbação
3101508;Além Paraíba;MG;310036;Além Paraíba;3106;Juíz de Fora;;;510.25;Sem conurbação
3305208;São Pedro da Aldeia;RJ;330013;Cabo Frio;3305;Macaé - Rio das Ostras - Cabo Frio;3300704;Cabo Frio/RJ;332.488;Conurbação
3501905;Amparo;SP;350048;Amparo;3510;Campinas;;;445.323;Sem conurbação
3525904;Jundiaí;SP;350039;Jundiaí;3510;Campinas;3525904;Jundiaí/SP;431.162;Conurbação
3158706;Santana do Garambéu;MG;310037;Barbacena;3107;Barbacena;;;203.074;Sem conurbação
3142601;Monsenhor Paulo;MG;310040;Varginha;3108;Varginha;;;216.54;Sem conurbação
3517703;Guará;SP;350035;Ituverava;3508;Ribeirão Preto;;;362.183;Sem conurbação
3550407;São Pedro;SP;350040;Piracicaba;3510;Campinas;;;611.51;Sem conurbação
3502002;Analândia;SP;350046;Rio Claro;3510;Campinas;;;325.953;Sem conurbação
3150505;Pimenta;MG;310066;Formiga;3113;Divinópolis;;;414.969;Sem conurbação
3109501;Cabo Verde;MG;310044;Guaxupé;3108;Varginha;;;368.206;Sem conurbação
3142700;Montalvânia;MG;310009;Januária;3102;Montes Claros;;;1503.755;Sem conurbação
3533908;Olímpia;SP;350032;Barretos;3508;Ribeirão Preto;;;802.393;Sem conurbação
3134509;Itutinga;MG;310043;Lavras;3108;Varginha;;;372.018;Sem conurbação
3101300;Alagoa;MG;310053;São Lourenço;3109;Pouso Alegre;;;161.356;Sem conurbação
3550506;São Pedro do Turvo;SP;350015;Ourinhos;3504;Marília;;;731.221;Sem conurbação
3167202;Sete Lagoas;MG;310002;Sete Lagoas;3101;Belo Horizonte;3167202;Sete Lagoas/MG;536.928;Conurbação
3525706;José Bonifácio;SP;350025;São José do Rio Preto;3507;São José do Rio Preto;;;860.2;Sem conurbação
3126307;Fortaleza de Minas;MG;310041;Passos;3108;Varginha;3147907;Passos/MG;218.792;Conurbação
3534005;Onda Verde;SP;350025;São José do Rio Preto;3507;São José do Rio Preto;;;242.946;Sem conurbação
3109451;Cabeceira Grande;MG;310063;Unaí;3112;Patos de Minas;;;1033.055;Sem conurbação
3542305;Redenção da Serra;SP;350050;Taubaté - Pindamonhangaba;3511;São José dos Campos;3549904;São José dos Campos/SP;309.322;Conurbação
3501301;Álvares Machado;SP;350018;Presidente Prudente;3505;Presidente Prudente;3541406;Presidente Prudente/SP;347.647;Conurbação
3159001;Santana do Riacho;MG;310002;Sete Lagoas;3101;Belo Horizonte;;;677.207;Sem conurbação
3167301;Silveirânia;MG;310029;Ubá;3106;Juíz de Fora;;;157.456;Sem conurbação
3525805;Júlio Mesquita;SP;350013;Marília;3504;Marília;;;128.183;Sem conurbação
3118106;Congonhas do Norte;MG;310002;Sete Lagoas;3101;Belo Horizonte;;;405.671;Sem conurbação
3142502;Monjolos;MG;310004;Curvelo;3101;Belo Horizonte;;;650.911;Sem conurbação
3150802;Piranga;MG;310038;Conselheiro Lafaiete;3107;Barbacena;;;658.812;Sem conurbação
3159100;Santana dos Montes;MG;310038;Conselheiro Lafaiete;3107;Barbacena;;;196.565;Sem conurbação
3517604;Guapiara;SP;350004;Itapeva;3502;Sorocaba;;;408.292;Sem conurbação
3550308;São Paulo;SP;350001;São Paulo;3501;São Paulo;3550308;São Paulo/SP;1522.683;Conurbação
3134301;Itumirim;MG;310043;Lavras;3108;Varginha;3138203;Lavras/MG;234.802;Conurbação
3150901;Piranguçu;MG;310052;Itajubá;3109;Pouso Alegre;3132404;Itajubá/MG;203.619;Conurbação
3509403;Cajuru;SP;350031;Ribeirão Preto;3508;Ribeirão Preto;;;660.088;Sem conurbação
3126109;Formiga;MG;310066;Formiga;3113;Divinópolis;;;1501.915;Sem conurbação
3542107;Rafard;SP;350040;Piracicaba;3510;Campinas;;;121.645;Sem conurbação
3134400;Iturama;MG;310058;Iturama;3110;Uberaba;;;1404.663;Sem conurbação
3305158;São José do Vale do Rio Preto;RJ;330007;Petrópolis;3303;Petrópolis;;;220.178;Sem conurbação
3167103;Serro;MG;310016;Diamantina;3103;Teófilo Otoni;;;1217.813;Sem conurbação
3534302;Orlândia;SP;350034;São Joaquim da Barra - Orlândia;3508;Ribeirão Preto;;;291.765;Sem conurbação
3126208;Formoso;MG;310063;Unaí;3112;Patos de Minas;;;3686.004;Sem conurbação
3117900;Congonhal;MG;310050;Pouso Alegre;3109;Pouso Alegre;;;205.125;Sem conurbação
3305133;São José de Ubá;RJ;330011;Itaperuna;3304;Campos dos Goytacazes;;;249.688;Sem conurbação
3542206;Rancharia;SP;350018;Presidente Prudente;3505;Presidente Prudente;;;1591.148;Sem conurbação
3526100;Juquiá;SP;350005;Registro;3502;Sorocaba;;;812.799;Sem conurbação
3158904;Santana do Manhuaçu;MG;310028;Manhuaçu;3106;Juíz de Fora;;;347.362;Sem conurbação
3534401;Osasco;SP;350001;São Paulo;3501;São Paulo;3550308;São Paulo/SP;64.999;Conurbação
3118007;Congonhas;MG;310038;Conselheiro Lafaiete;3107;Barbacena;3118304;Conselheiro Lafaiete/MG;304.067;Conurbação
3305109;São João de Meriti;RJ;330001;Rio de Janeiro;3301;Rio de Janeiro;3304557;Rio de Janeiro/RJ;35.216;Conurbação
3526209;Juquitiba;SP;350001;São Paulo;3501;São Paulo;;;523.074;Sem conurbação
3150703;Pirajuba;MG;310057;Frutal;3110;Uberaba;;;337.98;Sem conurbação
3517901;Guaraci;SP;350032;Barretos;3508;Ribeirão Preto;;;641.501;Sem conurbação
3518008;Guarani d'Oeste;SP;350029;Fernandópolis;3507;São José do Rio Preto;;;85.7;Sem conurbação
3501152;Alumínio;SP;350003;Sorocaba;3502;Sorocaba;3552205;Sorocaba/SP;83.619;Conurbação
3125507;São Gonçalo do Rio Preto;MG;310016;Diamantina;3103;Teófilo Otoni;;;314.458;Sem conurbação
3550704;São Sebastião;SP;350051;Caraguatatuba - Ubatuba - São Sebastião;3511;São José dos Campos;3510500;Caraguatatuba - Ubatuba - São Sebastião/SP;402.395;Conurbação
3534203;Orindiúva;SP;350025;São José do Rio Preto;3507;São José do Rio Preto;;;247.378;Sem conurbação
3509809;Campos Novos Paulista;SP;350013;Marília;3504;Marília;;;484.199;Sem conurbação
3109907;Caetanópolis;MG;310002;Sete Lagoas;3101;Belo Horizonte;;;156.039;Sem conurbação
3117306;Conceição das Alagoas;MG;310055;Uberaba;3110;Uberaba;;;1340.25;Sem conurbação
3542503;Reginópolis;SP;350009;Bauru;3503;Bauru;;;410.406;Sem conurbação
3158953;Santana do Paraíso;MG;310024;Ipatinga;3105;Ipatinga;3131307;Ipatinga/MG;275.575;Conurbação
3526001;Junqueirópolis;SP;350020;Dracena;3505;Presidente Prudente;;;583.273;Sem conurbação
3101706;Almenara;MG;310015;Almenara;3103;Teófilo Otoni;;;2294.426;Sem conurbação
3133758;Itaú de Minas;MG;310041;Passos;3108;Varginha;;;153.421;Sem conurbação
3517802;Guaraçaí;SP;350024;Andradina;3506;Araçatuba;;;569.222;Sem conurbação
3501202;Álvares Florence;SP;350027;Votuporanga;3507;São José do Rio Preto;;;362.411;Sem conurbação
3141900;Minduri;MG;310054;Caxambu - Baependi;3109;Pouso Alegre;;;219.774;Sem conurbação
3305505;Saquarema;RJ;330001;Rio de Janeiro;3301;Rio de Janeiro;3304557;Rio de Janeiro/RJ;352.129;Conurbação
3109709;Cachoeira de Minas;MG;310050;Pouso Alegre;3109;Pouso Alegre;;;304.243;Sem conurbação
3509601;Campo Limpo Paulista;SP;350039;Jundiaí;3510;Campinas;3525904;Jundiaí/SP;79.504;Conurbação
3133709;Itatiaiuçu;MG;310065;Divinópolis;3113;Divinópolis;;;294.181;Sem conurbação
3101631;Alfredo Vasconcelos;MG;310037;Barbacena;3107;Barbacena;3105608;Barbacena/MG;130.815;Conurbação
3109808;Cachoeira Dourada;MG;310060;Ituiutaba;3111;Uberlândia;;;203.07;Sem conurbação
3509700;Campos do Jordão;SP;350050;Taubaté - Pindamonhangaba;3511;São José dos Campos;;;289.981;Sem conurbação
3542404;Regente Feijó;SP;350018;Presidente Prudente;3505;Presidente Prudente;3541406;Presidente Prudente/SP;263.426;Conurbação
3166501;Serra Azul de Minas;MG;310016;Diamantina;3103;Teófilo Otoni;;;218.595;Sem conurbação
3101607;Alfenas;MG;310042;Alfenas;3108;Varginha;;;850.446;Sem conurbação
3305307;São Sebastião do Alto;RJ;330008;Nova Friburgo;3303;Petrópolis;;;397.214;Sem conurbação
3158300;Santana da Vargem;MG;310046;Três Pontas - Boa Esperança;3108;Varginha;;;172.444;Sem conurbação
3501608;Americana;SP;350038;Campinas;3510;Campinas;3501608;Americana - Santa Bárbara d´Oeste/SP;133.912;Conurbação
3141801;Minas Novas;MG;310014;Capelinha;3103;Teófilo Otoni;;;1812.398;Sem conurbação
3305406;Sapucaia;RJ;330009;Três Rios - Paraíba do Sul;3303;Petrópolis;;;540.673;Sem conurbação
3150109;Piau;MG;310027;Juiz de Fora;3106;Juíz de Fora;;;192.196;Sem conurbação
3109105;Bueno Brandão;MG;310050;Pouso Alegre;3109;Pouso Alegre;;;356.15;Sem conurbação
3133600;Itapeva;MG;310050;Pouso Alegre;3109;Pouso Alegre;;;177.312;Sem conurbação
3166303;Sericita;MG;310030;Ponte Nova;3106;Juíz de Fora;;;166.012;Sem conurbação
3100906;Águas Formosas;MG;310019;Águas Formosas;3103;Teófilo Otoni;;;820.079;Sem conurbação
3149952;Periquito;MG;310024;Ipatinga;3105;Ipatinga;;;228.907;Sem conurbação
3125408;Felício dos Santos;MG;310016;Diamantina;3103;Teófilo Otoni;;;357.622;Sem conurbação
3550605;São Roque;SP;350003;Sorocaba;3502;Sorocaba;3550605;São Roque - Mairinque/SP;306.899;Conurbação
3533601;Nuporanga;SP;350034;São Joaquim da Barra - Orlândia;3508;Ribeirão Preto;;;348.265;Sem conurbação
3158102;Santa Maria do Salto;MG;310015;Almenara;3103;Teófilo Otoni;;;440.605;Sem conurbação
3304706;Santo Antônio de Pádua;RJ;330012;Santo Antônio de Pádua;3304;Campos dos Goytacazes;;;603.633;Sem conurbação
3549953;São Lourenço da Serra;SP;350001;São Paulo;3501;São Paulo;3550308;São Paulo/SP;186.353;Conurbação
3166402;Seritinga;MG;310054;Caxambu - Baependi;3109;Pouso Alegre;;;114.769;Sem conurbação
3117207;Conceição das Pedras;MG;310052;Itajubá;3109;Pouso Alegre;;;102.206;Sem conurbação
3525409;Jeriquara;SP;350033;Franca;3508;Ribeirão Preto;;;141.971;Sem conurbação
3501400;Álvaro de Carvalho;SP;350013;Marília;3504;Marília;;;153.662;Sem conurbação
3149903;Perdões;MG;310043;Lavras;3108;Varginha;;;270.657;Sem conurbação
3142106;Miradouro;MG;310031;Muriaé;3106;Juíz de Fora;;;301.672;Sem conurbação
3158201;Santa Maria do Suaçuí;MG;310021;Guanhães;3104;Governador Valadares;;;624.047;Sem conurbação
3501509;Alvinlândia;SP;350013;Marília;3504;Marília;;;84.879;Sem conurbação
3517208;Guaiçara;SP;350012;Lins;3503;Bauru;;;277.154;Sem conurbação
3133907;Itaverava;MG;310038;Conselheiro Lafaiete;3107;Barbacena;;;284.22;Sem conurbação
3142205;Miraí;MG;310031;Muriaé;3106;Juíz de Fora;;;320.695;Sem conurbação
3549904;São José dos Campos;SP;350049;São José dos Campos;3511;São José dos Campos;3549904;São José dos Campos/SP;1099.494;Conurbação
3150000;Pescador;MG;310013;Teófilo Otoni;3103;Teófilo Otoni;;;317.463;Sem conurbação
3509007;Caieiras;SP;350001;São Paulo;3501;São Paulo;3550308;São Paulo/SP;97.745;Conurbação
3533403;Nova Odessa;SP;350038;Campinas;3510;Campinas;3501608;Americana - Santa Bárbara d´Oeste/SP;73.788;Conurbação
3125705;Felixlândia;MG;310004;Curvelo;3101;Belo Horizonte;;;1554.627;Sem conurbação
3134004;Itinga;MG;310017;Araçuaí;3103;Teófilo Otoni;;;1649.622;Sem conurbação
3541703;Quatá;SP;350018;Presidente Prudente;3505;Presidente Prudente;;;651.341;Sem conurbação
3304755;São Francisco de Itabapoana;RJ;330010;Campos dos Goytacazes;3304;Campos dos Goytacazes;;;1118.037;Sem conurbação
3166709;Serra dos Aimorés;MG;310013;Teófilo Otoni;3103;Teófilo Otoni;;;213.574;Sem conurbação
3550001;São Luiz do Paraitinga;SP;350050;Taubaté - Pindamonhangaba;3511;São José dos Campos;;;618.126;Sem conurbação
3525201;Jarinu;SP;350039;Jundiaí;3510;Campinas;3525904;Jundiaí/SP;207.549;Conurbação
3533502;Novo Horizonte;SP;350025;São José do Rio Preto;3507;São José do Rio Preto;;;931.743;Sem conurbação
3125804;Fernandes Tourinho;MG;310020;Governador Valadares;3104;Governador Valadares;;;151.875;Sem conurbação
3158508;Santana de Pirapama;MG;310002;Sete Lagoas;3101;Belo Horizonte;;;1255.832;Sem conurbação
3541802;Queiroz;SP;350016;Tupã;3504;Marília;;;234.914;Sem conurbação
3142007;Mirabela;MG;310006;Montes Claros;3102;Montes Claros;;;723.278;Sem conurbação
3517000;Getulina;SP;350013;Marília;3504;Marília;;;676.755;Sem conurbação
3525300;Jaú;SP;350010;Jaú;3503;Bauru;3525300;Jaú;687.103;Conurbação
3117603;Conceição do Pará;MG;310065;Divinópolis;3113;Divinópolis;;;250.306;Sem conurbação
3150307;Piedade do Rio Grande;MG;310039;São João del Rei;3107;Barbacena;;;322.814;Sem conurbação
3517109;Glicério;SP;350023;Birigui - Penápolis;3506;Araçatuba;;;272.8;Sem conurbação
3133808;Itaúna;MG;310065;Divinópolis;3113;Divinópolis;;;494.559;Sem conurbação
3304557;Rio de Janeiro;RJ;330001;Rio de Janeiro;3301;Rio de Janeiro;3304557;Rio de Janeiro/RJ;1200.329;Conurbação
3500758;Alambari;SP;350006;Itapetininga;3502;Sorocaba;3522307;Itapetininga/SP;159.6;Conurbação
3549805;São José do Rio Preto;SP;350025;São José do Rio Preto;3507;São José do Rio Preto;3549805;São José do Rio Preto/SP;431.944;Conurbação
3150406;Piedade dos Gerais;MG;310069;Oliveira;3113;Divinópolis;;;259.638;Sem conurbação
3508900;Caiabu;SP;350018;Presidente Prudente;3505;Presidente Prudente;3541406;Presidente Prudente/SP;252.704;Conurbação
3125606;Felisburgo;MG;310015;Almenara;3103;Teófilo Otoni;;;596.215;Sem conurbação
3533809;Óleo;SP;350007;Avaré;3502;Sorocaba;;;198.938;Sem conurbação
3109006;Brumadinho;MG;310001;Belo Horizonte;3101;Belo Horizonte;3106200;Belo Horizonte/MG;640.63;Conurbação
3541604;Promissão;SP;350012;Lins;3503;Bauru;;;779.2;Sem conurbação
3304524;Rio das Ostras;RJ;330014;Macaé - Rio das Ostras;3305;Macaé - Rio das Ostras - Cabo Frio;3302403;Macaé - Rio das Ostras/RJ;228.044;Conurbação
3100807;Aguanil;MG;310048;Campo Belo;3108;Varginha;;;232.091;Sem conurbação
3525607;João Ramalho;SP;350018;Presidente Prudente;3505;Presidente Prudente;;;415.452;Sem conurbação
3117405;Conceição de Ipanema;MG;310028;Manhuaçu;3106;Juíz de Fora;;;253.935;Sem conurbação
3509254;Cajati;SP;350005;Registro;3502;Sorocaba;;;454.489;Sem conurbação
3117504;Conceição do Mato Dentro;MG;310002;Sete Lagoas;3101;Belo Horizonte;;;1720.04;Sem conurbação
3304607;Santa Maria Madalena;RJ;330008;Nova Friburgo;3303;Petrópolis;;;810.962;Sem conurbação
3500808;Alfredo Marcondes;SP;350018;Presidente Prudente;3505;Presidente Prudente;3541406;Presidente Prudente/SP;118.915;Conurbação
3150208;Piedade de Ponte Nova;MG;310030;Ponte Nova;3106;Juíz de Fora;;;83.733;Sem conurbação
3517406;Guaíra;SP;350032;Barretos;3508;Ribeirão Preto;;;1258.465;Sem conurbação
3509205;Cajamar;SP;350001;São Paulo;3501;São Paulo;3550308;São Paulo/SP;131.521;Conurbação
3517505;Guapiaçu;SP;350025;São José do Rio Preto;3507;São José do Rio Preto;3549805;São José do Rio Preto/SP;324.752;Conurbação
3541653;Quadra;SP;350008;Tatuí;3502;Sorocaba;;;205.672;Sem conurbação
3550209;São Miguel Arcanjo;SP;350006;Itapetininga;3502;Sorocaba;;;930.339;Sem conurbação
3509304;Cajobi;SP;350032;Barretos;3508;Ribeirão Preto;;;176.929;Sem conurbação
3533700;Ocauçu;SP;350013;Marília;3504;Marília;;;301.036;Sem conurbação
3150158;Piedade de Caratinga;MG;310025;Caratinga;3105;Ipatinga;;;109.345;Sem conurbação
3116803;Coluna;MG;310021;Guanhães;3104;Governador Valadares;;;347.716;Sem conurbação
3542008;Quintana;SP;350013;Marília;3504;Marília;;;318.937;Sem conurbação
3109402;Buritizeiro;MG;310010;Pirapora;3102;Montes Claros;;;7218.401;Sem conurbação
3525508;Joanópolis;SP;350041;Bragança Paulista;3510;Campinas;;;374.346;Sem conurbação
3109253;Bugre;MG;310024;Ipatinga;3105;Ipatinga;3131307;Ipatinga/MG;161.491;Conurbação
3304904;São Gonçalo;RJ;330001;Rio de Janeiro;3301;Rio de Janeiro;3304557;Rio de Janeiro/RJ;248.159;Conurbação
3166600;Serra da Saudade;MG;310067;Dores do Indaiá;3113;Divinópolis;;;335.659;Sem conurbação
3101201;Aiuruoca;MG;310054;Caxambu - Baependi;3109;Pouso Alegre;;;649.68;Sem conurbação
3517307;Guaimbê;SP;350013;Marília;3504;Marília;;;217.811;Sem conurbação
3500709;Agudos;SP;350009;Bauru;3503;Bauru;;;966.708;Sem conurbação
3158409;Santana de Cataguases;MG;310032;Cataguases;3106;Juíz de Fora;;;161.486;Sem conurbação
3141405;Medina;MG;310018;Pedra Azul;3103;Teófilo Otoni;;;1435.903;Sem conurbação
3305000;São João da Barra;RJ;330010;Campos dos Goytacazes;3304;Campos dos Goytacazes;3301009;Campos dos Goytacazes/RJ;452.396;Conurbação
3509106;Caiuá;SP;350021;Presidente Epitácio-Presidente Venceslau;3505;Presidente Prudente;;;551.159;Sem conurbação
3109204;Buenópolis;MG;310004;Curvelo;3101;Belo Horizonte;;;1599.881;Sem conurbação
3133204;Itanhomi;MG;310020;Governador Valadares;3104;Governador Valadares;;;488.843;Sem conurbação
3165909;Senador Modestino Gonçalves;MG;310016;Diamantina;3103;Teófilo Otoni;;;952.055;Sem conurbação
3101003;Águas Vermelhas;MG;310018;Pedra Azul;3103;Teófilo Otoni;;;1256.607;Sem conurbação
3109303;Buritis;MG;310063;Unaí;3112;Patos de Minas;;;5225.186;Sem conurbação
3157708;Santa Juliana;MG;310055;Uberaba;3110;Uberaba;;;723.784;Sem conurbação
3125002;Ewbank da Câmara;MG;310027;Juiz de Fora;3106;Juíz de Fora;3136702;Juiz de Fora/MG;103.834;Conurbação
3166006;Senhora de Oliveira;MG;310038;Conselheiro Lafaiete;3107;Barbacena;;;170.749;Sem conurbação
3141207;Matutina;MG;310062;Patos de Minas;3112;Patos de Minas;;;260.957;Sem conurbação
3501004;Altinópolis;SP;350031;Ribeirão Preto;3508;Ribeirão Preto;;;928.956;Sem conurbação
3304805;São Fidélis;RJ;330010;Campos dos Goytacazes;3304;Campos dos Goytacazes;;;1034.833;Sem conurbação
3101102;Aimorés;MG;310023;Aimorés - Resplendor;3104;Governador Valadares;;;1348.913;Sem conurbação
3157807;Santa Luzia;MG;310001;Belo Horizonte;3101;Belo Horizonte;3106200;Belo Horizonte/MG;235.166;Conurbação
3133006;Itamonte;MG;310053;São Lourenço;3109;Pouso Alegre;;;431.792;Sem conurbação
3141306;Medeiros;MG;310066;Formiga;3113;Divinópolis;;;946.437;Sem conurbação
3501103;Alto Alegre;SP;350023;Birigui - Penápolis;3506;Araçatuba;;;318.574;Sem conurbação
3149606;Pequi;MG;310068;Pará de Minas;3113;Divinópolis;;;203.991;Sem conurbação
3108602;Brasília de Minas;MG;310006;Montes Claros;3102;Montes Claros;;;1399.484;Sem conurbação
3124807;Estrela do Sul;MG;310061;Monte Carmelo;3111;Uberlândia;;;822.454;Sem conurbação
3533007;Nova Granada;SP;350025;São José do Rio Preto;3507;São José do Rio Preto;;;531.796;Sem conurbação
3133105;Itanhandu;MG;310053;São Lourenço;3109;Pouso Alegre;;;143.363;Sem conurbação
3165800;Senador José Bento;MG;310050;Pouso Alegre;3109;Pouso Alegre;;;93.892;Sem conurbação
3100401;Acaiaca;MG;310030;Ponte Nova;3106;Juíz de Fora;;;101.886;Sem conurbação
3524808;Jales;SP;350028;Jales;3507;São José do Rio Preto;;;368.574;Sem conurbação
3124906;Eugenópolis;MG;310031;Muriaé;3106;Juíz de Fora;;;309.395;Sem conurbação
3157609;Santa Fé de Minas;MG;310010;Pirapora;3102;Montes Claros;;;2917.448;Sem conurbação
3550100;São Manuel;SP;350011;Botucatu;3503;Bauru;;;650.734;Sem conurbação
3533106;Nova Guataporanga;SP;350020;Dracena;3505;Presidente Prudente;;;34.675;Sem conurbação
3108552;Brasilândia de Minas;MG;310062;Patos de Minas;3112;Patos de Minas;;;2509.694;Sem conurbação
3500907;Altair;SP;350025;São José do Rio Preto;3507;São José do Rio Preto;;;313.007;Sem conurbação
3116704;Coimbra;MG;310033;Viçosa;3106;Juíz de Fora;;;106.875;Sem conurbação
3524907;Jambeiro;SP;350049;São José dos Campos;3511;São José dos Campos;3549904;São José dos Campos/SP;184.413;Conurbação
3149408;Pedro Teixeira;MG;310027;Juiz de Fora;3106;Juíz de Fora;;;112.959;Sem conurbação
3141603;Mercês;MG;310029;Ubá;3106;Juíz de Fora;;;348.271;Sem conurbação
3541901;Queluz;SP;350053;Cruzeiro;3511;São José dos Campos;;;249.356;Sem conurbação
3149507;Pequeri;MG;310035;São João Nepomuceno - Bicas;3106;Juíz de Fora;;;90.833;Sem conurbação
3516705;Garça;SP;350013;Marília;3504;Marília;;;555.807;Sem conurbação
3549409;São Joaquim da Barra;SP;350034;São Joaquim da Barra - Orlândia;3508;Ribeirão Preto;;;410.863;Sem conurbação
3304151;Quissamã;RJ;330014;Macaé - Rio das Ostras;3305;Macaé - Rio das Ostras - Cabo Frio;;;719.643;Sem conurbação
3133402;Itapagipe;MG;310057;Frutal;3110;Uberaba;;;1802.438;Sem conurbação
3141702;Mesquita;MG;310024;Ipatinga;3105;Ipatinga;;;274.938;Sem conurbação
3304144;Queimados;RJ;330001;Rio de Janeiro;3301;Rio de Janeiro;3304557;Rio de Janeiro/RJ;75.927;Conurbação
3508504;Caçapava;SP;350049;São José dos Campos;3511;São José dos Campos;3549904;São José dos Campos/SP;369.558;Conurbação
3532900;Nova Europa;SP;350036;Araraquara;3509;Araraquara;;;160.25;Sem conurbação
3541208;Presidente Bernardes;SP;350018;Presidente Prudente;3505;Presidente Prudente;3541406;Presidente Prudente/SP;749.234;Conurbação
3157658;Santa Helena de Minas;MG;310019;Águas Formosas;3103;Teófilo Otoni;;;276.433;Sem conurbação
3549508;São José da Bela Vista;SP;350033;Franca;3508;Ribeirão Preto;;;276.952;Sem conurbação
3125200;Fama;MG;310042;Alfenas;3108;Varginha;;;86.024;Sem conurbação
3133501;Itapecerica;MG;310065;Divinópolis;3113;Divinópolis;;;1040.519;Sem conurbação
3166204;Senhora dos Remédios;MG;310037;Barbacena;3107;Barbacena;;;237.815;Sem conurbação
3524709;Jaguariúna;SP;350038;Campinas;3510;Campinas;;;141.391;Sem conurbação
3117009;Comercinho;MG;310018;Pedra Azul;3103;Teófilo Otoni;;;654.961;Sem conurbação
3125309;Faria Lemos;MG;310034;Carangola;3106;Juíz de Fora;;;165.224;Sem conurbação
3541307;Presidente Epitácio;SP;350021;Presidente Epitácio-Presidente Venceslau;3505;Presidente Prudente;;;1260.281;Sem conurbação
3158003;Santa Maria de Itabira;MG;310005;Itabira;3101;Belo Horizonte;;;597.441;Sem conurbação
3516507;Gabriel Monteiro;SP;350023;Birigui - Penápolis;3506;Araçatuba;;;138.681;Sem conurbação
3117108;Conceição da Aparecida;MG;310042;Alfenas;3108;Varginha;;;352.521;Sem conurbação
3141504;Mendes Pimentel;MG;310022;Mantena;3104;Governador Valadares;;;305.507;Sem conurbação
3149804;Perdizes;MG;310056;Araxá;3110;Uberaba;;;2451.112;Sem conurbação
3304201;Resende;RJ;330005;Resende;3302;Volta Redonda - Barra Mansa;3304201;Resende/RJ;1099.336;Conurbação
3508306;Cabrália Paulista;SP;350009;Bauru;3503;Bauru;;;239.974;Sem conurbação
3516606;Gália;SP;350013;Marília;3504;Marília;;;355.914;Sem conurbação
3133303;Itaobim;MG;310013;Teófilo Otoni;3103;Teófilo Otoni;;;679.024;Sem conurbação
3549300;São João do Pau d'Alho;SP;350020;Dracena;3505;Presidente Prudente;;;117.514;Sem conurbação
3508405;Cabreúva;SP;350039;Jundiaí;3510;Campinas;3525904;Jundiaí/SP;260.234;Conurbação
3108503;Botumirim;MG;310006;Montes Claros;3102;Montes Claros;;;1568.884;Sem conurbação
3541109;Presidente Alves;SP;350009;Bauru;3503;Bauru;;;286.642;Sem conurbação
3125101;Extrema;MG;310050;Pouso Alegre;3109;Pouso Alegre;;;244.575;Sem conurbação
3533304;Nova Luzitânia;SP;350022;Araçatuba;3506;Araçatuba;;;73.69;Sem conurbação
3116902;Comendador Gomes;MG;310057;Frutal;3110;Uberaba;;;1041.047;Sem conurbação
3100302;Abre Campo;MG;310028;Manhuaçu;3106;Juíz de Fora;;;470.551;Sem conurbação
3304128;Quatis;RJ;330005;Resende;3302;Volta Redonda - Barra Mansa;3304201;Resende/RJ;284.826;Conurbação
3525102;Jardinópolis;SP;350031;Ribeirão Preto;3508;Ribeirão Preto;3543402;Ribeirão Preto/SP;501.87;Conurbação
3516903;General Salgado;SP;350022;Araçatuba;3506;Araçatuba;;;493.88;Sem conurbação
3304110;Porto Real;RJ;330005;Resende;3302;Volta Redonda - Barra Mansa;3304201;Resende/RJ;50.892;Conurbação
3500303;Aguaí;SP;350044;São João da Boa Vista;3510;Campinas;;;474.554;Sem conurbação
3304102;Porciúncula;RJ;330011;Itaperuna;3304;Campos dos Goytacazes;;;291.847;Sem conurbação
3508702;Caconde;SP;350047;São José do Rio Pardo - Mococa;3510;Campinas;;;468.998;Sem conurbação
3140852;Matias Cardoso;MG;310007;Janaúba;3102;Montes Claros;;;1940.597;Sem conurbação
3108909;Brazópolis;MG;310052;Itajubá;3109;Pouso Alegre;;;367.688;Sem conurbação
3508801;Cafelândia;SP;350012;Lins;3503;Bauru;;;920.28;Sem conurbação
3541505;Presidente Venceslau;SP;350021;Presidente Epitácio-Presidente Venceslau;3505;Presidente Prudente;;;755.203;Sem conurbação
3500105;Adamantina;SP;350019;Adamantina - Lucélia;3505;Presidente Prudente;;;411.987;Sem conurbação
3100708;Água Comprida;MG;310055;Uberaba;3110;Uberaba;;;492.167;Sem conurbação
3304409;Rio Claro;RJ;330004;Volta Redonda - Barra Mansa;3302;Volta Redonda - Barra Mansa;;;846.797;Sem conurbação
3166105;Senhora do Porto;MG;310021;Guanhães;3104;Governador Valadares;;;381.328;Sem conurbação
3516804;Gastão Vidigal;SP;350022;Araçatuba;3506;Araçatuba;;;180.569;Sem conurbação
3500204;Adolfo;SP;350025;São José do Rio Preto;3507;São José do Rio Preto;;;211.055;Sem conurbação
3157906;Santa Margarida;MG;310028;Manhuaçu;3106;Juíz de Fora;;;255.73;Sem conurbação
3304508;Rio das Flores;RJ;330006;Valença;3302;Volta Redonda - Barra Mansa;;;478.783;Sem conurbação
3140902;Matipó;MG;310028;Manhuaçu;3106;Juíz de Fora;;;266.99;Sem conurbação
3157252;Santa Bárbara do Leste;MG;310025;Caratinga;3105;Ipatinga;;;107.402;Sem conurbação
3508603;Cachoeira Paulista;SP;350053;Cruzeiro;3511;São José dos Campos;;;288.747;Sem conurbação
3533254;Novais;SP;350026;Catanduva;3507;São José do Rio Preto;3511102;Catanduva/SP;117.772;Conurbação
3149705;Perdigão;MG;310065;Divinópolis;3113;Divinópolis;;;249.322;Sem conurbação
3108701;Brás Pires;MG;310029;Ubá;3106;Juíz de Fora;;;223.351;Sem conurbação
3132701;Itambacuri;MG;310013;Teófilo Otoni;3103;Teófilo Otoni;;;1419.209;Sem conurbação
3165404;Sapucaí-Mirim;MG;310052;Itajubá;3109;Pouso Alegre;;;285.073;Sem conurbação
3500550;Águas de Santa Bárbara;SP;350007;Avaré;3502;Sorocaba;;;404.463;Sem conurbação
3100500;Açucena;MG;310024;Ipatinga;3105;Ipatinga;;;815.422;Sem conurbação
3108800;Braúnas;MG;310024;Ipatinga;3105;Ipatinga;;;378.318;Sem conurbação
3124500;Estiva;MG;310050;Pouso Alegre;3109;Pouso Alegre;;;243.872;Sem conurbação
3549706;São José do Rio Pardo;SP;350047;São José do Rio Pardo - Mococa;3510;Campinas;;;419.729;Sem conurbação
3157203;Santa Bárbara;MG;310003;Santa Bárbara - Ouro Preto;3101;Belo Horizonte;;;684.505;Sem conurbação
3165503;Sardoá;MG;310020;Governador Valadares;3104;Governador Valadares;;;141.904;Sem conurbação
3533205;Nova Independência;SP;350024;Andradina;3506;Araçatuba;;;265.028;Sem conurbação
3100609;Água Boa;MG;310014;Capelinha;3103;Teófilo Otoni;;;1320.344;Sem conurbação
3116308;Cipotânea;MG;310037;Barbacena;3107;Barbacena;;;153.479;Sem conurbação
3516853;Gavião Peixoto;SP;350036;Araraquara;3509;Araraquara;3503208;Araraquara/SP;243.766;Conurbação
3140704;Mateus Leme;MG;310001;Belo Horizonte;3101;Belo Horizonte;;;302.312;Sem conurbação
3304300;Rio Bonito;RJ;330003;Rio Bonito;3301;Rio de Janeiro;;;459.458;Sem conurbação
3500501;Águas de Lindóia;SP;350048;Amparo;3510;Campinas;;;59.872;Sem conurbação
3149002;Pedra Dourada;MG;310034;Carangola;3106;Juíz de Fora;;;69.99;Sem conurbação
3116159;Chapada Gaúcha;MG;310011;São Francisco;3102;Montes Claros;;;3255.189;Sem conurbação
3525003;Jandira;SP;350001;São Paulo;3501;São Paulo;3550308;São Paulo/SP;17.122;Conurbação
3157302;Santa Bárbara do Tugúrio;MG;310037;Barbacena;3107;Barbacena;;;194.564;Sem conurbação
3132503;Itamarandiba;MG;310014;Capelinha;3103;Teófilo Otoni;;;2735.665;Sem conurbação
3140803;Matias Barbosa;MG;310027;Juiz de Fora;3106;Juíz de Fora;3136702;Juiz de Fora/MG;157.066;Conurbação
3500600;Águas de São Pedro;SP;350040;Piracicaba;3510;Campinas;;;3.38;Sem conurbação
3157278;Santa Bárbara do Monte Verde;MG;310027;Juiz de Fora;3106;Juíz de Fora;;;417.925;Sem conurbação
3149101;Pedralva;MG;310052;Itajubá;3109;Pouso Alegre;;;217.99;Sem conurbação
3124302;Espinosa;MG;310012;Espinosa;3102;Montes Claros;;;1868.97;Sem conurbação
3532504;Neves Paulista;SP;350025;São José do Rio Preto;3507;São José do Rio Preto;3549805;São José do Rio Preto/SP;219.05;Conurbação
3132602;Itamarati de Minas;MG;310032;Cataguases;3106;Juíz de Fora;;;94.568;Sem conurbação
3165305;São Vicente de Minas;MG;310039;São João del Rei;3107;Barbacena;;;392.651;Sem conurbação
3549607;São José do Barreiro;SP;350053;Cruzeiro;3511;São José dos Campos;;;570.604;Sem conurbação
3524303;Jaboticabal;SP;350031;Ribeirão Preto;3508;Ribeirão Preto;;;706.722;Sem conurbação
3532603;Nhandeara;SP;350027;Votuporanga;3507;São José do Rio Preto;;;436.159;Sem conurbação
3124401;Espírito Santo do Dourado;MG;310050;Pouso Alegre;3109;Pouso Alegre;;;263.879;Sem conurbação
3157104;Salto da Divisa;MG;310015;Almenara;3103;Teófilo Otoni;;;938.008;Sem conurbação
3116209;Chiador;MG;310027;Juiz de Fora;3106;Juíz de Fora;3306008;Três Rios - Paraíba do Sul/RJ;252.852;Conurbação
3141108;Matozinhos;MG;310002;Sete Lagoas;3101;Belo Horizonte;;;252.453;Sem conurbação
3541406;Presidente Prudente;SP;350018;Presidente Prudente;3505;Presidente Prudente;3541406;Presidente Prudente/SP;560.637;Conurbação
3500402;Águas da Prata;SP;350044;São João da Boa Vista;3510;Campinas;;;142.673;Sem conurbação
3148905;Pedra do Indaiá;MG;310065;Divinópolis;3113;Divinópolis;;;347.92;Sem conurbação
3524402;Jacareí;SP;350049;São José dos Campos;3511;São José dos Campos;3549904;São José dos Campos/SP;464.252;Conurbação
3557105;Votuporanga;SP;350027;Votuporanga;3507;São José do Rio Preto;;;420.703;Sem conurbação
3132909;Itamogi;MG;310047;São Sebastião do Paraíso;3108;Varginha;;;243.714;Sem conurbação
3516200;Franca;SP;350033;Franca;3508;Ribeirão Preto;3516200;Franca/SP;605.679;Conurbação
3548906;São Carlos;SP;350037;São Carlos;3509;Araraquara;3548906;São Carlos/SP;1136.907;Conurbação
3508009;Buri;SP;350004;Itapeva;3502;Sorocaba;;;1196.463;Sem conurbação
3532405;Nazaré Paulista;SP;350041;Bragança Paulista;3510;Campinas;;;326.392;Sem conurbação
3124708;Estrela do Indaiá;MG;310067;Dores do Indaiá;3113;Divinópolis;;;635.981;Sem conurbação
3108107;Bonfim;MG;310069;Oliveira;3113;Divinópolis;;;300.471;Sem conurbação
3540705;Porto Ferreira;SP;350037;São Carlos;3509;Araraquara;;;245.327;Sem conurbação
3165701;Senador Firmino;MG;310029;Ubá;3106;Juíz de Fora;;;166.495;Sem conurbação
3524204;Jaborandi;SP;350032;Barretos;3508;Ribeirão Preto;;;273.438;Sem conurbação
3116506;Claro dos Poções;MG;310006;Montes Claros;3102;Montes Claros;;;720.424;Sem conurbação
3540804;Potirendaba;SP;350025;São José do Rio Preto;3507;São José do Rio Preto;;;342.492;Sem conurbação
3557154;Zacarias;SP;350023;Birigui - Penápolis;3506;Araçatuba;;;319.056;Sem conurbação
3157500;Santa Efigênia de Minas;MG;310020;Governador Valadares;3104;Governador Valadares;;;131.965;Sem conurbação
3516002;Flórida Paulista;SP;350019;Adamantina - Lucélia;3505;Presidente Prudente;;;524.138;Sem conurbação
3116605;Cláudio;MG;310065;Divinópolis;3113;Divinópolis;;;630.706;Sem conurbação
3303708;Paraíba do Sul;RJ;330009;Três Rios - Paraíba do Sul;3303;Petrópolis;3306008;Três Rios - Paraíba do Sul/RJ;571.118;Conurbação
3149309;Pedro Leopoldo;MG;310001;Belo Horizonte;3101;Belo Horizonte;3106200;Belo Horizonte/MG;292.81;Conurbação
3507803;Brodowski;SP;350031;Ribeirão Preto;3508;Ribeirão Preto;3543402;Ribeirão Preto/SP;278.458;Conurbação
3516101;Florínea;SP;350014;Assis;3504;Marília;;;225.886;Sem conurbação
3132800;Itambé do Mato Dentro;MG;310005;Itabira;3101;Belo Horizonte;;;380.34;Sem conurbação
3540754;Potim;SP;350052;Guaratinguetá;3511;São José dos Campos;3518404;Guaratinguetá/SP;44.644;Conurbação
3124609;Estrela Dalva;MG;310036;Além Paraíba;3106;Juíz de Fora;;;131.365;Sem conurbação
3108008;Bom Sucesso;MG;310043;Lavras;3108;Varginha;;;705.046;Sem conurbação
3507902;Brotas;SP;350010;Jaú;3503;Bauru;;;1101.373;Sem conurbação
3556958;Vitória Brasil;SP;350028;Jales;3507;São José do Rio Preto;;;49.832;Sem conurbação
3540606;Porto Feliz;SP;350003;Sorocaba;3502;Sorocaba;;;556.706;Sem conurbação
3532801;Nova Aliança;SP;350025;São José do Rio Preto;3507;São José do Rio Preto;3549805;São José do Rio Preto/SP;217.515;Conurbação
3116407;Claraval;MG;310041;Passos;3108;Varginha;3516200;Franca/SP;227.627;Conurbação
3303500;Nova Iguaçu;RJ;330001;Rio de Janeiro;3301;Rio de Janeiro;3304557;Rio de Janeiro/RJ;520.581;Conurbação
3524600;Jacupiranga;SP;350005;Registro;3502;Sorocaba;;;704.136;Sem conurbação
3516408;Franco da Rocha;SP;350001;São Paulo;3501;São Paulo;3550308;São Paulo/SP;132.775;Conurbação
3303609;Paracambi;RJ;330001;Rio de Janeiro;3301;Rio de Janeiro;3304557;Rio de Janeiro/RJ;190.949;Conurbação
3165560;Sem-Peixe;MG;310030;Ponte Nova;3106;Juíz de Fora;;;176.634;Sem conurbação
3165552;Setubinha;MG;310013;Teófilo Otoni;3103;Teófilo Otoni;;;534.655;Sem conurbação
3157377;Santa Cruz de Salinas;MG;310008;Salinas;3102;Montes Claros;;;589.607;Sem conurbação
3532868;Nova Castilho;SP;350022;Araçatuba;3506;Araçatuba;;;183.396;Sem conurbação
3141009;Mato Verde;MG;310012;Espinosa;3102;Montes Claros;;;472.245;Sem conurbação
3508207;Buritizal;SP;350035;Ituverava;3508;Ribeirão Preto;;;266.42;Sem conurbação
3165537;Sarzedo;MG;310001;Belo Horizonte;3101;Belo Horizonte;3106200;Belo Horizonte/MG;62.134;Conurbação
3557006;Votorantim;SP;350003;Sorocaba;3502;Sorocaba;3552205;Sorocaba/SP;184.186;Conurbação
3108305;Borda da Mata;MG;310050;Pouso Alegre;3109;Pouso Alegre;;;301.108;Sem conurbação
3532843;Nova Canaã Paulista;SP;350030;Santa Fé do Sul;3507;São José do Rio Preto;;;124.473;Sem conurbação
3205200;Vila Velha;ES;320001;Vitória;3201;Vitória;3205309;Vitória/ES;210.225;Conurbação
3548807;São Caetano do Sul;SP;350001;São Paulo;3501;São Paulo;3550308;São Paulo/SP;15.421;Conurbação
3157336;Santa Cruz de Minas;MG;310039;São João del Rei;3107;Barbacena;3162500;São João del Rei/MG;3.565;Conurbação
3532827;Nova Campina;SP;350004;Itapeva;3502;Sorocaba;;;385.375;Sem conurbação
3100104;Abadia dos Dourados;MG;310061;Monte Carmelo;3111;Uberlândia;;;880.461;Sem conurbação
3108404;Botelhos;MG;310051;Poços de Caldas;3109;Pouso Alegre;;;334.089;Sem conurbação
3205309;Vitória;ES;320001;Vitória;3201;Vitória;3205309;Vitória/ES;97.124;Conurbação
3149150;Pedras de Maria da Cruz;MG;310009;Januária;3102;Montes Claros;;;1525.648;Sem conurbação
3140308;Marliéria;MG;310024;Ipatinga;3105;Ipatinga;3131307;Ipatinga/MG;545.813;Conurbação
3100203;Abaeté;MG;310070;Abaeté;3113;Divinópolis;;;1817.067;Sem conurbação
3303906;Petrópolis;RJ;330007;Petrópolis;3303;Petrópolis;3303906;Petrópolis/RJ;791.144;Conurbação
3165602;Senador Cortes;MG;310035;São João Nepomuceno - Bicas;3106;Juíz de Fora;;;98.336;Sem conurbação
3132107;Itacarambi;MG;310009;Januária;3102;Montes Claros;;;1225.273;Sem conurbação
3140407;Marmelópolis;MG;310052;Itajubá;3109;Pouso Alegre;;;107.902;Sem conurbação
3157401;Santa Cruz do Escalvado;MG;310030;Ponte Nova;3106;Juíz de Fora;;;258.726;Sem conurbação
3165578;Senador Amaral;MG;310050;Pouso Alegre;3109;Pouso Alegre;;;151.097;Sem conurbação
3304003;Piraí;RJ;330004;Volta Redonda - Barra Mansa;3302;Volta Redonda - Barra Mansa;;;490.255;Sem conurbação
3549250;São João de Iracema;SP;350029;Fernandópolis;3507;São José do Rio Preto;;;178.396;Sem conurbação
3108206;Bonfinópolis de Minas;MG;310063;Unaí;3112;Patos de Minas;;;1850.487;Sem conurbação
3541059;Pratânia;SP;350011;Botucatu;3503;Bauru;;;175.1;Sem conurbação
3149200;Pedrinópolis;MG;310056;Araxá;3110;Uberaba;;;357.891;Sem conurbação
3132206;Itaguara;MG;310069;Oliveira;3113;Divinópolis;;;410.468;Sem conurbação
3164902;São Sebastião do Rio Verde;MG;310053;São Lourenço;3109;Pouso Alegre;;;90.848;Sem conurbação
3124005;Ervália;MG;310033;Viçosa;3106;Juíz de Fora;;;357.489;Sem conurbação
3303955;Pinheiral;RJ;330004;Volta Redonda - Barra Mansa;3302;Volta Redonda - Barra Mansa;3306305;Volta Redonda - Barra Mansa/RJ;82.254;Conurbação
3549201;São João das Duas Pontes;SP;350029;Fernandópolis;3507;São José do Rio Preto;;;129.462;Sem conurbação
3156700;Sabará;MG;310001;Belo Horizonte;3101;Belo Horizonte;3106200;Belo Horizonte/MG;302.453;Conurbação
3140209;Maripá de Minas;MG;310035;São João Nepomuceno - Bicas;3106;Juíz de Fora;;;77.338;Sem conurbação
3303807;Paraty;RJ;330002;Angra dos Reis;3301;Rio de Janeiro;;;924.295;Sem conurbação
3532702;Nipoã;SP;350025;São José do Rio Preto;3507;São José do Rio Preto;;;137.609;Sem conurbação
3115805;Centralina;MG;310059;Uberlândia;3111;Uberlândia;;;322.385;Sem conurbação
3148509;Pavão;MG;310013;Teófilo Otoni;3103;Teófilo Otoni;;;601.19;Sem conurbação
3541000;Praia Grande;SP;350002;Santos;3501;São Paulo;3548500;Baixada Santista/SP;149.652;Conurbação
3132008;Itacambira;MG;310006;Montes Claros;3102;Montes Claros;;;1788.445;Sem conurbação
3108255;Bonito de Minas;MG;310009;Januária;3102;Montes Claros;;;3936.455;Sem conurbação
3524501;Jaci;SP;350025;São José do Rio Preto;3507;São José do Rio Preto;3549805;São José do Rio Preto/SP;145.133;Conurbação
3557204;Chavantes;SP;350015;Ourinhos;3504;Marília;;;188.727;Sem conurbação
3540853;Pracinha;SP;350019;Adamantina - Lucélia;3505;Presidente Prudente;;;63.141;Sem conurbação
3148608;Peçanha;MG;310021;Guanhães;3104;Governador Valadares;;;996.646;Sem conurbação
3516309;Francisco Morato;SP;350001;São Paulo;3501;São Paulo;3550308;São Paulo/SP;49.001;Conurbação
3123809;Engenheiro Navarro;MG;310006;Montes Claros;3102;Montes Claros;;;608.306;Sem conurbação
3549003;São Francisco;SP;350028;Jales;3507;São José do Rio Preto;;;75.579;Sem conurbação
3557303;Estiva Gerbi;SP;350043;Mogi Guaçu;3510;Campinas;3530706;Mogi Guaçu - Mogi Mirim/SP;74.144;Conurbação
3164803;São Sebastião do Rio Preto;MG;310005;Itabira;3101;Belo Horizonte;;;128.002;Sem conurbação
3508108;Buritama;SP;350023;Birigui - Penápolis;3506;Araçatuba;;;327.344;Sem conurbação
3540200;Pontal;SP;350031;Ribeirão Preto;3508;Ribeirão Preto;;;356.371;Sem conurbação
3115607;Cedro do Abaeté;MG;310070;Abaeté;3113;Divinópolis;;;283.211;Sem conurbação
3123908;Entre Rios de Minas;MG;310038;Conselheiro Lafaiete;3107;Barbacena;;;456.796;Sem conurbação
3303856;Paty do Alferes;RJ;330006;Valença;3302;Volta Redonda - Barra Mansa;;;314.341;Sem conurbação
3532009;Morungaba;SP;350039;Jundiaí;3510;Campinas;;;146.752;Sem conurbação
3549102;São João da Boa Vista;SP;350044;São João da Boa Vista;3510;Campinas;;;516.399;Sem conurbação
3156601;Rubim;MG;310015;Almenara;3103;Teófilo Otoni;;;965.174;Sem conurbação
3115706;Central de Minas;MG;310022;Mantena;3104;Governador Valadares;;;204.328;Sem conurbação
3540903;Pradópolis;SP;350031;Ribeirão Preto;3508;Ribeirão Preto;;;164.386;Sem conurbação
3140605;Materlândia;MG;310021;Guanhães;3104;Governador Valadares;;;280.53;Sem conurbação
3148400;Paulistas;MG;310021;Guanhães;3104;Governador Valadares;;;220.564;Sem conurbação
3523800;Itobi;SP;350047;São José do Rio Pardo - Mococa;3510;Campinas;;;138.986;Sem conurbação
3123858;Entre Folhas;MG;310025;Caratinga;3105;Ipatinga;;;85.39;Sem conurbação
3515608;Fernando Prestes;SP;350026;Catanduva;3507;São José do Rio Preto;;;169.99;Sem conurbação
3540259;Pontalinda;SP;350028;Jales;3507;São José do Rio Preto;;;209.504;Sem conurbação
3132404;Itajubá;MG;310052;Itajubá;3109;Pouso Alegre;3132404;Itajubá/MG;294.835;Conurbação
3523909;Itu;SP;350003;Sorocaba;3502;Sorocaba;3523909;Itu - Salto/SP;640.719;Conurbação
3556602;Vera Cruz;SP;350013;Marília;3504;Marília;3529005;Marília/SP;247.716;Conurbação
3140555;Mata Verde;MG;310015;Almenara;3103;Teófilo Otoni;;;227.539;Sem conurbação
3124203;Espera Feliz;MG;310034;Carangola;3106;Juíz de Fora;;;317.638;Sem conurbação
3515707;Ferraz de Vasconcelos;SP;350001;São Paulo;3501;São Paulo;3550308;São Paulo/SP;29.58;Conurbação
3107604;Bom Jesus da Penha;MG;310041;Passos;3108;Varginha;;;208.349;Sem conurbação
3532058;Motuca;SP;350036;Araraquara;3509;Araraquara;;;228.651;Sem conurbação
3540101;Pongaí;SP;350012;Lins;3503;Bauru;;;183.399;Sem conurbação
3548401;Santópolis do Aguapeí;SP;350023;Birigui - Penápolis;3506;Araçatuba;;;128.026;Sem conurbação
3116001;Chalé;MG;310028;Manhuaçu;3106;Juíz de Fora;;;212.674;Sem conurbação
3531902;Morro Agudo;SP;350034;São Joaquim da Barra - Orlândia;3508;Ribeirão Preto;;;1388.127;Sem conurbação
3515657;Fernão;SP;350013;Marília;3504;Marília;;;100.504;Sem conurbação
3116100;Chapada do Norte;MG;310014;Capelinha;3103;Teófilo Otoni;;;830.833;Sem conurbação
3303203;Nilópolis;RJ;330001;Rio de Janeiro;3301;Rio de Janeiro;3304557;Rio de Janeiro/RJ;19.393;Conurbação
3523701;Itirapuã;SP;350033;Franca;3508;Ribeirão Preto;3516200;Franca/SP;161.118;Conurbação
3148806;Pedra do Anta;MG;310033;Viçosa;3106;Juíz de Fora;;;173.168;Sem conurbação
3515509;Fernandópolis;SP;350029;Fernandópolis;3507;São José do Rio Preto;;;549.797;Sem conurbação
3107406;Bom Despacho;MG;310067;Dores do Indaiá;3113;Divinópolis;;;1213.546;Sem conurbação
3507456;Borebi;SP;350009;Bauru;3503;Bauru;;;347.989;Sem conurbação
3204807;São José do Calçado;ES;320008;Alegre;3204;Cachoeiro do Itapemirim;;;273.489;Sem conurbação
3107505;Bom Jardim de Minas;MG;310027;Juiz de Fora;3106;Juíz de Fora;;;412.021;Sem conurbação
3148756;Pedra Bonita;MG;310034;Carangola;3106;Juíz de Fora;;;173.928;Sem conurbação
3204906;São Mateus;ES;320003;São Mateus;3202;São Mateus;3204906;São Mateus;2346.048;Conurbação
3115904;Chácara;MG;310027;Juiz de Fora;3106;Juíz de Fora;3136702;Juiz de Fora/MG;152.807;Conurbação
3303005;Miracema;RJ;330012;Santo Antônio de Pádua;3304;Campos dos Goytacazes;;;303.27;Sem conurbação
3507407;Borborema;SP;350036;Araraquara;3509;Araraquara;;;552.256;Sem conurbação
3165206;São Tomé das Letras;MG;310045;Três Corações;3108;Varginha;;;369.747;Sem conurbação
3556453;Vargem Grande Paulista;SP;350001;São Paulo;3501;São Paulo;3550308;São Paulo/SP;42.489;Conurbação
3140530;Martins Soares;MG;310028;Manhuaçu;3106;Juíz de Fora;;;113.268;Sem conurbação
3303104;Natividade;RJ;330011;Itaperuna;3304;Campos dos Goytacazes;;;387.073;Sem conurbação
3157005;Salinas;MG;310008;Salinas;3102;Montes Claros;;;1862.117;Sem conurbação
3507506;Botucatu;SP;350011;Botucatu;3503;Bauru;3507506;Botucatu;1481.772;Conurbação
3140506;Martinho Campos;MG;310067;Dores do Indaiá;3113;Divinópolis;;;1058.418;Sem conurbação
3204708;São Gabriel da Palha;ES;320005;Colatina;3203;Colatina;;;434.887;Sem conurbação
3515905;Floreal;SP;350027;Votuporanga;3507;São José do Rio Preto;;;204.236;Sem conurbação
3107802;Bom Jesus do Galho;MG;310025;Caratinga;3105;Ipatinga;;;592.289;Sem conurbação
3132305;Itaipé;MG;310013;Teófilo Otoni;3103;Teófilo Otoni;;;480.829;Sem conurbação
3165008;São Tiago;MG;310039;São João del Rei;3107;Barbacena;;;572.4;Sem conurbação
3556503;Várzea Paulista;SP;350039;Jundiaí;3510;Campinas;3525904;Jundiaí/SP;35.048;Conurbação
3107901;Bom Repouso;MG;310050;Pouso Alegre;3109;Pouso Alegre;;;229.845;Sem conurbação
3124104;Esmeraldas;MG;310001;Belo Horizonte;3101;Belo Horizonte;3106200;Belo Horizonte/MG;909.727;Conurbação
3156809;Sabinópolis;MG;310021;Guanhães;3104;Governador Valadares;;;919.811;Sem conurbação
3165107;São Tomás de Aquino;MG;310047;São Sebastião do Paraíso;3108;Varginha;;;277.928;Sem conurbação
3507308;Boracéia;SP;350010;Jaú;3503;Bauru;;;122.11;Sem conurbação
3540507;Porangaba;SP;350008;Tatuí;3502;Sorocaba;;;265.968;Sem conurbação
3139805;Mar de Espanha;MG;310035;São João Nepomuceno - Bicas;3106;Juíz de Fora;;;371.6;Sem conurbação
3303401;Nova Friburgo;RJ;330008;Nova Friburgo;3303;Petrópolis;3303401;Nova Friburgo;935.429;Conurbação
3548302;Santo Expedito;SP;350018;Presidente Prudente;3505;Presidente Prudente;3541406;Presidente Prudente/SP;94.465;Conurbação
3156908;Sacramento;MG;310055;Uberaba;3110;Uberaba;;;3073.268;Sem conurbação
3131604;Iraí de Minas;MG;310061;Monte Carmelo;3111;Uberlândia;;;356.264;Sem conurbação
3139904;Maria da Fé;MG;310052;Itajubá;3109;Pouso Alegre;;;202.898;Sem conurbação
3532306;Natividade da Serra;SP;350050;Taubaté - Pindamonhangaba;3511;São José dos Campos;;;834.281;Sem conurbação
3148707;Pedra Azul;MG;310018;Pedra Azul;3103;Teófilo Otoni;;;1594.651;Sem conurbação
3107703;Bom Jesus do Amparo;MG;310005;Itabira;3101;Belo Horizonte;;;195.611;Sem conurbação
3123403;Doresópolis;MG;310049;Piumhi;3108;Varginha;;;152.912;Sem conurbação
3532157;Nantes;SP;350018;Presidente Prudente;3505;Presidente Prudente;;;286.444;Sem conurbação
3131703;Itabira;MG;310005;Itabira;3101;Belo Horizonte;3131703;Itabira;1254.607;Conurbação
3164407;São Sebastião da Bela Vista;MG;310050;Pouso Alegre;3109;Pouso Alegre;;;167.428;Sem conurbação
3524105;Ituverava;SP;350035;Ituverava;3508;Ribeirão Preto;;;704.659;Sem conurbação
3205101;Viana;ES;320001;Vitória;3201;Vitória;3205309;Vitória/ES;312.278;Conurbação
3540309;Pontes Gestal;SP;350027;Votuporanga;3507;São José do Rio Preto;;;217.505;Sem conurbação
3123502;Douradoquara;MG;310061;Monte Carmelo;3111;Uberlândia;;;312.878;Sem conurbação
3156205;Rochedo de Minas;MG;310035;São João Nepomuceno - Bicas;3106;Juíz de Fora;;;79.402;Sem conurbação
3556909;Vista Alegre do Alto;SP;350026;Catanduva;3507;São José do Rio Preto;;;95.429;Sem conurbação
3532108;Murutinga do Sul;SP;350024;Andradina;3506;Araçatuba;;;250.873;Sem conurbação
3540408;Populina;SP;350028;Jales;3507;São José do Rio Preto;;;315.938;Sem conurbação
3139706;Maravilhas;MG;310068;Pará de Minas;3113;Divinópolis;;;261.604;Sem conurbação
3205069;Venda Nova do Imigrante;ES;320002;Afonso Cláudio - Venda Nova do Imigrante - Santa Maria de Jetibá;3201;Vitória;;;185.909;Sem conurbação
3115300;Cataguases;MG;310032;Cataguases;3106;Juíz de Fora;;;491.767;Sem conurbação
3303302;Niterói;RJ;330001;Rio de Janeiro;3301;Rio de Janeiro;3304557;Rio de Janeiro/RJ;133.757;Conurbação
3148004;Patos de Minas;MG;310062;Patos de Minas;3112;Patos de Minas;3148004;Patos de Minas;3190.456;Conurbação
3548708;São Bernardo do Campo;SP;350001;São Paulo;3501;São Paulo;3550308;São Paulo/SP;408.234;Conurbação
3507704;Braúna;SP;350023;Birigui - Penápolis;3506;Araçatuba;3506508;Birigui/SP;195.176;Conurbação
3164472;São Sebastião do Anta;MG;310025;Caratinga;3105;Ipatinga;;;80.618;Sem conurbação
3205176;Vila Valério;ES;320005;Colatina;3203;Colatina;;;470.342;Sem conurbação
3532207;Narandiba;SP;350018;Presidente Prudente;3505;Presidente Prudente;3541406;Presidente Prudente/SP;357.325;Conurbação
3131505;Ipuiúna;MG;310050;Pouso Alegre;3109;Pouso Alegre;;;298.195;Sem conurbação
3123304;Dores do Turvo;MG;310029;Ubá;3106;Juíz de Fora;;;231.169;Sem conurbação
3205150;Vila Pavão;ES;320006;Nova Venécia;3203;Colatina;;;433.257;Sem conurbação
3524006;Itupeva;SP;350039;Jundiaí;3510;Campinas;3525904;Jundiaí/SP;201.214;Conurbação
3164431;São Sebastião da Vargem Alegre;MG;310031;Muriaé;3106;Juíz de Fora;;;73.629;Sem conurbação
3539707;Platina;SP;350014;Assis;3504;Marília;;;327.48;Sem conurbação
3556701;Vinhedo;SP;350038;Campinas;3510;Campinas;3509502;Campinas/SP;80.208;Conurbação
3115102;Cássia;MG;310041;Passos;3108;Varginha;;;665.802;Sem conurbação
3515806;Flora Rica;SP;350020;Dracena;3505;Presidente Prudente;;;224.619;Sem conurbação
3548500;Santos;SP;350002;Santos;3501;São Paulo;3548500;Baixada Santista/SP;281.033;Conurbação
3531506;Monte Azul Paulista;SP;350032;Barretos;3508;Ribeirão Preto;;;263.463;Sem conurbação
3507753;Brejo Alegre;SP;350023;Birigui - Penápolis;3506;Araçatuba;3506508;Birigui/SP;105.689;Conurbação
3556800;Viradouro;SP;350032;Barretos;3508;Ribeirão Preto;;;217.726;Sem conurbação
3147907;Passos;MG;310041;Passos;3108;Varginha;3147907;Passos/MG;1338.07;Conurbação
3115201;Conceição da Barra de Minas;MG;310039;São João del Rei;3107;Barbacena;;;273.014;Sem conurbação
3548609;São Bento do Sapucaí;SP;350050;Taubaté - Pindamonhangaba;3511;São José dos Campos;;;252.579;Sem conurbação
3204955;São Roque do Canaã;ES;320005;Colatina;3203;Colatina;;;341.944;Sem conurbação
3140100;Marilac;MG;310020;Governador Valadares;3104;Governador Valadares;;;158.809;Sem conurbação
3523305;Itariri;SP;350002;Santos;3501;São Paulo;;;273.956;Sem conurbação
3515129;Emilianópolis;SP;350018;Presidente Prudente;3505;Presidente Prudente;3541406;Presidente Prudente/SP;225.177;Conurbação
3515103;Embu-Guaçu;SP;350001;São Paulo;3501;São Paulo;3550308;São Paulo/SP;155.285;Conurbação
3131901;Itabirito;MG;310003;Santa Bárbara - Ouro Preto;3101;Belo Horizonte;;;544.535;Sem conurbação
3107109;Boa Esperança;MG;310046;Três Pontas - Boa Esperança;3108;Varginha;;;860.669;Sem conurbação
3205036;Vargem Alta;ES;320007;Cachoeiro de Itapemirim;3204;Cachoeiro do Itapemirim;;;417.76;Sem conurbação
3123700;Engenheiro Caldas;MG;310020;Governador Valadares;3104;Governador Valadares;;;187.058;Sem conurbação
3547908;Santo Antônio da Alegria;SP;350031;Ribeirão Preto;3508;Ribeirão Preto;;;310.311;Sem conurbação
3515202;Estrela d'Oeste;SP;350029;Fernandópolis;3507;São José do Rio Preto;;;296.281;Sem conurbação
3515194;Espírito Santo do Turvo;SP;350015;Ourinhos;3504;Marília;;;193.666;Sem conurbação
3115508;Caxambu;MG;310054;Caxambu - Baependi;3109;Pouso Alegre;;;100.483;Sem conurbação
3140159;Mário Campos;MG;310001;Belo Horizonte;3101;Belo Horizonte;3106200;Belo Horizonte/MG;35.196;Conurbação
3164308;São Roque de Minas;MG;310049;Piumhi;3108;Varginha;;;2098.867;Sem conurbação
3147956;Patis;MG;310006;Montes Claros;3102;Montes Claros;;;444.196;Sem conurbação
3515186;Espírito Santo do Pinhal;SP;350044;São João da Boa Vista;3510;Campinas;;;389.235;Sem conurbação
3205010;Sooretama;ES;320004;Linhares;3202;São Mateus;;;587.037;Sem conurbação
3205002;Serra;ES;320001;Vitória;3201;Vitória;3205309;Vitória/ES;547.631;Conurbação
3156106;Ritápolis;MG;310039;São João del Rei;3107;Barbacena;;;404.805;Sem conurbação
3523206;Itararé;SP;350004;Itapeva;3502;Sorocaba;;;1003.86;Sem conurbação
3515152;Engenheiro Coelho;SP;350042;Limeira;3510;Campinas;;;109.574;Sem conurbação
3115474;Catuti;MG;310012;Espinosa;3102;Montes Claros;;;287.812;Sem conurbação
3302601;Mangaratiba;RJ;330001;Rio de Janeiro;3301;Rio de Janeiro;3304557;Rio de Janeiro/RJ;367.606;Conurbação
3106903;Bicas;MG;310035;São João Nepomuceno - Bicas;3106;Juíz de Fora;;;140.082;Sem conurbação
3515004;Embu das Artes;SP;350001;São Paulo;3501;São Paulo;3550308;São Paulo/SP;70.264;Conurbação
3204351;Rio Bananal;ES;320004;Linhares;3202;São Mateus;;;641.929;Sem conurbação
3507605;Bragança Paulista;SP;350041;Bragança Paulista;3510;Campinas;3507605;Bragança Paulista;512.584;Conurbação
3156452;Rosário da Limeira;MG;310031;Muriaé;3106;Juíz de Fora;;;111.156;Sem conurbação
3302700;Maricá;RJ;330001;Rio de Janeiro;3301;Rio de Janeiro;3304557;Rio de Janeiro/RJ;361.572;Conurbação
3107000;Biquinhas;MG;310070;Abaeté;3113;Divinópolis;;;458.948;Sem conurbação
3556107;Valentim Gentil;SP;350027;Votuporanga;3507;São José do Rio Preto;;;149.741;Sem conurbação
3514957;Embaúba;SP;350026;Catanduva;3507;São José do Rio Preto;3511102;Catanduva/SP;83.129;Conurbação
3539608;Planalto;SP;350025;São José do Rio Preto;3507;São José do Rio Preto;;;289.825;Sem conurbação
3204302;Presidente Kennedy;ES;320007;Cachoeiro de Itapemirim;3204;Cachoeiro do Itapemirim;;;594.897;Sem conurbação
3164704;São Sebastião do Paraíso;MG;310047;São Sebastião do Paraíso;3108;Varginha;;;814.925;Sem conurbação
3506904;Bofete;SP;350011;Botucatu;3503;Bauru;;;654.546;Sem conurbação
3531407;Monte Aprazível;SP;350025;São José do Rio Preto;3507;São José do Rio Preto;;;495.559;Sem conurbação
3204401;Rio Novo do Sul;ES;320007;Cachoeiro de Itapemirim;3204;Cachoeiro do Itapemirim;;;204.464;Sem conurbação
3115359;Catas Altas;MG;310003;Santa Bárbara - Ouro Preto;3101;Belo Horizonte;;;240.042;Sem conurbação
3156502;Rubelita;MG;310008;Salinas;3102;Montes Claros;;;1110.295;Sem conurbação
3302502;Magé;RJ;330001;Rio de Janeiro;3301;Rio de Janeiro;3304557;Rio de Janeiro/RJ;390.775;Conurbação
3507001;Boituva;SP;350003;Sorocaba;3502;Sorocaba;;;248.954;Sem conurbação
3123528;Durandé;MG;310028;Manhuaçu;3106;Juíz de Fora;;;217.461;Sem conurbação
3107307;Bocaiúva;MG;310006;Montes Claros;3102;Montes Claros;;;3206.757;Sem conurbação
3140001;Mariana;MG;310003;Santa Bárbara - Ouro Preto;3101;Belo Horizonte;;;1194.208;Sem conurbação
3148301;Paula Cândido;MG;310033;Viçosa;3106;Juíz de Fora;;;268.321;Sem conurbação
3115458;Catuji;MG;310013;Teófilo Otoni;3103;Teófilo Otoni;;;419.38;Sem conurbação
3131802;Itabirinha;MG;310022;Mantena;3104;Governador Valadares;;;209.034;Sem conurbação
3164506;São Sebastião do Maranhão;MG;310021;Guanhães;3104;Governador Valadares;;;517.83;Sem conurbação
3556008;Urupês;SP;350025;São José do Rio Preto;3507;São José do Rio Preto;;;323.916;Sem conurbação
3204203;Piúma;ES;320001;Vitória;3201;Vitória;;;73.623;Sem conurbação
3123601;Elói Mendes;MG;310040;Varginha;3108;Varginha;;;499.537;Sem conurbação
3156304;Rodeiro;MG;310029;Ubá;3106;Juíz de Fora;3169901;Ubá/MG;72.673;Conurbação
3547809;Santo André;SP;350001;São Paulo;3501;São Paulo;3550308;São Paulo/SP;175.801;Conurbação
3506805;Bocaina;SP;350010;Jaú;3503;Bauru;;;363.926;Sem conurbação
3164605;São Sebastião do Oeste;MG;310065;Divinópolis;3113;Divinópolis;;;408.09;Sem conurbação
3139300;Manga;MG;310007;Janaúba;3102;Montes Claros;;;1950.184;Sem conurbação
3515350;Euclides da Cunha Paulista;SP;350018;Presidente Prudente;3505;Presidente Prudente;;;571.169;Sem conurbação
3540002;Pompéia;SP;350013;Marília;3504;Marília;;;784.674;Sem conurbação
3115409;Catas Altas da Noruega;MG;310038;Conselheiro Lafaiete;3107;Barbacena;;;141.622;Sem conurbação
3556354;Vargem;SP;350041;Bragança Paulista;3510;Campinas;;;142.595;Sem conurbação
3148103;Patrocínio;MG;310064;Patrocínio;3112;Patos de Minas;;;2874.344;Sem conurbação
3131109;Inimutaba;MG;310004;Curvelo;3101;Belo Horizonte;;;527.06;Sem conurbação
3156403;Romaria;MG;310061;Monte Carmelo;3111;Uberlândia;;;407.557;Sem conurbação
3531803;Monte Mor;SP;350038;Campinas;3510;Campinas;3509502;Campinas/SP;240.566;Conurbação
3302908;Miguel Pereira;RJ;330006;Valença;3302;Volta Redonda - Barra Mansa;;;287.933;Sem conurbação
3122900;Dona Euzébia;MG;310032;Cataguases;3106;Juíz de Fora;;;70.231;Sem conurbação
3148202;Patrocínio do Muriaé;MG;310031;Muriaé;3106;Juíz de Fora;;;108.246;Sem conurbação
3163904;São Pedro da União;MG;310044;Guaxupé;3108;Varginha;;;260.827;Sem conurbação
3523602;Itirapina;SP;350037;São Carlos;3509;Araraquara;;;564.603;Sem conurbação
3556305;Valparaíso;SP;350022;Araçatuba;3506;Araçatuba;;;857.661;Sem conurbação
3204252;Ponto Belo;ES;320003;São Mateus;3202;São Mateus;;;360.11;Sem conurbação
3114709;Carvalhópolis;MG;310042;Alfenas;3108;Varginha;;;81.101;Sem conurbação
3123007;Dores de Campos;MG;310037;Barbacena;3107;Barbacena;;;124.842;Sem conurbação
3539806;Poá;SP;350001;São Paulo;3501;São Paulo;3550308;São Paulo/SP;17.264;Conurbação
3515400;Fartura;SP;350017;Piraju;3504;Marília;;;429.171;Sem conurbação
3302858;Mesquita;RJ;330001;Rio de Janeiro;3301;Rio de Janeiro;3304557;Rio de Janeiro/RJ;41.169;Conurbação
3548104;Santo Antônio do Jardim;SP;350044;São João da Boa Vista;3510;Campinas;;;109.956;Sem conurbação
3556404;Vargem Grande do Sul;SP;350044;São João da Boa Vista;3510;Campinas;;;267.178;Sem conurbação
3155702;Rio Piracicaba;MG;310026;João Monlevade;3105;Ipatinga;;;373.037;Sem conurbação
3204609;Santa Teresa;ES;320002;Afonso Cláudio - Venda Nova do Imigrante - Santa Maria de Jetibá;3201;Vitória;;;683.032;Sem conurbação
3114808;Carvalhos;MG;310054;Caxambu - Baependi;3109;Pouso Alegre;;;282.254;Sem conurbação
3131158;Ipaba;MG;310024;Ipatinga;3105;Ipatinga;3131307;Ipatinga/MG;113.246;Conurbação
3531605;Monte Castelo;SP;350020;Dracena;3505;Presidente Prudente;;;233.289;Sem conurbação
3139201;Malacacheta;MG;310013;Teófilo Otoni;3103;Teófilo Otoni;;;727.886;Sem conurbação
3539905;Poloni;SP;350025;São José do Rio Preto;3507;São José do Rio Preto;;;135.119;Sem conurbação
3548203;Santo Antônio do Pinhal;SP;350050;Taubaté - Pindamonhangaba;3511;São José dos Campos;;;132.966;Sem conurbação
3147501;Passabém;MG;310005;Itabira;3101;Belo Horizonte;;;94.183;Sem conurbação
3523404;Itatiba;SP;350039;Jundiaí;3510;Campinas;3523404;Itatiba;322.253;Conurbação
3131000;Inhaúma;MG;310002;Sete Lagoas;3101;Belo Horizonte;3167202;Sete Lagoas/MG;244.996;Conurbação
3531704;Monteiro Lobato;SP;350049;São José dos Campos;3511;São José dos Campos;3549904;São José dos Campos/SP;332.408;Conurbação
3204559;Santa Maria de Jetibá;ES;320002;Afonso Cláudio - Venda Nova do Imigrante - Santa Maria de Jetibá;3201;Vitória;;;735.198;Sem conurbação
3523503;Itatinga;SP;350011;Botucatu;3503;Bauru;;;979.526;Sem conurbação
3122801;Dom Viçoso;MG;310053;São Lourenço;3109;Pouso Alegre;;;113.921;Sem conurbação
3507159;Bom Sucesso de Itararé;SP;350004;Itapeva;3502;Sorocaba;;;133.578;Sem conurbação
3172103;Volta Grande;MG;310036;Além Paraíba;3106;Juíz de Fora;;;205.552;Sem conurbação
3556206;Valinhos;SP;350038;Campinas;3510;Campinas;3509502;Campinas/SP;148.72;Conurbação
3539202;Pirapozinho;SP;350018;Presidente Prudente;3505;Presidente Prudente;3541406;Presidente Prudente/SP;477.673;Conurbação
3107208;Bocaina de Minas;MG;310027;Juiz de Fora;3106;Juíz de Fora;;;503.77;Sem conurbação
3114600;Carrancas;MG;310043;Lavras;3108;Varginha;;;727.894;Sem conurbação
3204658;São Domingos do Norte;ES;320005;Colatina;3203;Colatina;;;298.58;Sem conurbação
3515301;Estrela do Norte;SP;350018;Presidente Prudente;3505;Presidente Prudente;3541406;Presidente Prudente/SP;264.987;Conurbação
3139250;Mamonas;MG;310012;Espinosa;3102;Montes Claros;;;284.365;Sem conurbação
3548005;Santo Antônio de Posse;SP;350038;Campinas;3510;Campinas;;;154.133;Sem conurbação
3531001;Monções;SP;350022;Araçatuba;3506;Araçatuba;;;104.352;Sem conurbação
3522802;Itaporanga;SP;350004;Itapeva;3502;Sorocaba;;;507.997;Sem conurbação
3106507;Berilo;MG;310017;Araçuaí;3103;Teófilo Otoni;;;587.106;Sem conurbação
3507209;Borá;SP;350014;Assis;3504;Marília;;;118.951;Sem conurbação
3514601;Dumont;SP;350031;Ribeirão Preto;3508;Ribeirão Preto;;;111.361;Sem conurbação
3123205;Dores do Indaiá;MG;310067;Dores do Indaiá;3113;Divinópolis;;;1111.202;Sem conurbação
3302809;Mendes;RJ;330004;Volta Redonda - Barra Mansa;3302;Volta Redonda - Barra Mansa;;;95.324;Sem conurbação
3172004;Visconde do Rio Branco;MG;310029;Ubá;3106;Juíz de Fora;;;243.351;Sem conurbação
3106606;Bertópolis;MG;310019;Águas Formosas;3103;Teófilo Otoni;;;427.803;Sem conurbação
3548054;Santo Antônio do Aracanguá;SP;350022;Araçatuba;3506;Araçatuba;;;1308.889;Sem conurbação
3115003;Cascalho Rico;MG;310059;Uberlândia;3111;Uberlândia;;;367.308;Sem conurbação
3163805;São Miguel do Anta;MG;310033;Viçosa;3106;Juíz de Fora;;;152.111;Sem conurbação
3155603;Rio Pardo de Minas;MG;310008;Salinas;3102;Montes Claros;;;3117.675;Sem conurbação
3302106;Itaocara;RJ;330012;Santo Antônio de Pádua;3304;Campos dos Goytacazes;;;433.182;Sem conurbação
3106408;Belo Vale;MG;310038;Conselheiro Lafaiete;3107;Barbacena;;;364.94;Sem conurbação
3204500;Santa Leopoldina;ES;320002;Afonso Cláudio - Venda Nova do Imigrante - Santa Maria de Jetibá;3201;Vitória;;;718.326;Sem conurbação
3139607;Mantena;MG;310022;Mantena;3104;Governador Valadares;;;685.208;Sem conurbação
3147402;Paraopeba;MG;310002;Sete Lagoas;3101;Belo Horizonte;;;625.631;Sem conurbação
3507100;Bom Jesus dos Perdões;SP;350041;Bragança Paulista;3510;Campinas;3504107;Atibaia/SP;108.366;Conurbação
3514502;Duartina;SP;350009;Bauru;3503;Bauru;;;264.557;Sem conurbação
3302205;Itaperuna;RJ;330011;Itaperuna;3304;Campos dos Goytacazes;;;1106.694;Sem conurbação
3131406;Ipiaçu;MG;310060;Ituiutaba;3111;Uberlândia;;;466.02;Sem conurbação
3522653;Itapirapuã Paulista;SP;350004;Itapeva;3502;Sorocaba;;;406.478;Sem conurbação
3555604;Uchoa;SP;350025;São José do Rio Preto;3507;São José do Rio Preto;3549805;São José do Rio Preto/SP;256.982;Conurbação
3203809;Muqui;ES;320007;Cachoeiro de Itapemirim;3204;Cachoeiro do Itapemirim;;;327.268;Sem conurbação
3539103;Pirapora do Bom Jesus;SP;350001;São Paulo;3501;São Paulo;3550308;São Paulo/SP;108.304;Conurbação
3506409;Bilac;SP;350023;Birigui - Penápolis;3506;Araçatuba;;;158.025;Sem conurbação
3164209;São Romão;MG;310011;São Francisco;3102;Montes Claros;;;2434.004;Sem conurbação
3547403;Santa Rita d'Oeste;SP;350030;Santa Fé do Sul;3507;São José do Rio Preto;;;209.8;Sem conurbação
3139409;Manhuaçu;MG;310028;Manhuaçu;3106;Juíz de Fora;;;628.318;Sem conurbação
3203908;Nova Venécia;ES;320006;Nova Venécia;3203;Colatina;;;1439.57;Sem conurbação
3530904;Mombuca;SP;350040;Piracicaba;3510;Campinas;;;133.698;Sem conurbação
3156007;Rio Vermelho;MG;310021;Guanhães;3104;Governador Valadares;;;987.246;Sem conurbação
3302007;Itaguaí;RJ;330001;Rio de Janeiro;3301;Rio de Janeiro;3304557;Rio de Janeiro/RJ;282.607;Conurbação
3131208;Ipanema;MG;310028;Manhuaçu;3106;Juíz de Fora;;;456.641;Sem conurbação
3139508;Manhumirim;MG;310028;Manhuaçu;3106;Juíz de Fora;;;182.9;Sem conurbação
3522703;Itápolis;SP;350036;Araraquara;3509;Araraquara;;;996.747;Sem conurbação
3147808;Passa Vinte;MG;310027;Juiz de Fora;3106;Juíz de Fora;;;246.565;Sem conurbação
3106804;Bias Fortes;MG;310027;Juiz de Fora;3106;Juíz de Fora;;;283.535;Sem conurbação
3555406;Ubatuba;SP;350051;Caraguatatuba - Ubatuba - São Sebastião;3511;São José dos Campos;3510500;Caraguatatuba - Ubatuba - São Sebastião/SP;708.246;Conurbação
3172202;Wenceslau Braz;MG;310052;Itajubá;3109;Pouso Alegre;3132404;Itajubá/MG;102.487;Conurbação
3131307;Ipatinga;MG;310024;Ipatinga;3105;Ipatinga;3131307;Ipatinga/MG;164.482;Conurbação
3164001;São Pedro dos Ferros;MG;310030;Ponte Nova;3106;Juíz de Fora;;;402.739;Sem conurbação
3555505;Ubirajara;SP;350009;Bauru;3503;Bauru;;;282.179;Sem conurbação
3539400;Piratininga;SP;350009;Bauru;3503;Bauru;3506003;Bauru/SP;402.409;Conurbação
3123106;Dores de Guanhães;MG;310021;Guanhães;3104;Governador Valadares;;;382.124;Sem conurbação
3203700;Muniz Freire;ES;320008;Alegre;3204;Cachoeiro do Itapemirim;;;678.804;Sem conurbação
3531209;Monte Alegre do Sul;SP;350048;Amparo;3510;Campinas;;;110.308;Sem conurbação
3539509;Pitangueiras;SP;350031;Ribeirão Preto;3508;Ribeirão Preto;;;430.638;Sem conurbação
3302056;Italva;RJ;330010;Campos dos Goytacazes;3304;Campos dos Goytacazes;;;291.193;Sem conurbação
3155801;Rio Pomba;MG;310029;Ubá;3106;Juíz de Fora;;;252.418;Sem conurbação
3547304;Santana de Parnaíba;SP;350001;São Paulo;3501;São Paulo;3550308;São Paulo/SP;179.89;Conurbação
3506300;Bernardino de Campos;SP;350015;Ourinhos;3504;Marília;;;244.158;Sem conurbação
3164100;São Pedro do Suaçuí;MG;310021;Guanhães;3104;Governador Valadares;;;308.106;Sem conurbação
3114907;Casa Grande;MG;310038;Conselheiro Lafaiete;3107;Barbacena;;;157.727;Sem conurbação
3147006;Paracatu;MG;310062;Patos de Minas;3112;Patos de Minas;;;8231.029;Sem conurbação
3531308;Monte Alto;SP;350031;Ribeirão Preto;3508;Ribeirão Preto;;;346.95;Sem conurbação
3147600;Passa Quatro;MG;310053;São Lourenço;3109;Pouso Alegre;;;277.221;Sem conurbação
3138807;Luz;MG;310067;Dores do Indaiá;3113;Divinópolis;;;1171.659;Sem conurbação
3155900;Rio Preto;MG;310027;Juiz de Fora;3106;Juíz de Fora;;;348.046;Sem conurbação
3302403;Macaé;RJ;330014;Macaé - Rio das Ostras;3305;Macaé - Rio das Ostras - Cabo Frio;3302403;Macaé - Rio das Ostras/RJ;1216.989;Conurbação
3547650;Santa Salete;SP;350028;Jales;3507;São José do Rio Preto;;;79.192;Sem conurbação
3147709;Passa Tempo;MG;310069;Oliveira;3113;Divinópolis;;;429.172;Sem conurbação
3523107;Itaquaquecetuba;SP;350001;São Paulo;3501;São Paulo;3550308;São Paulo/SP;82.575;Conurbação
3514924;Elisiário;SP;350026;Catanduva;3507;São José do Rio Preto;3511102;Catanduva/SP;93.314;Conurbação
3130606;Inconfidentes;MG;310050;Pouso Alegre;3109;Pouso Alegre;;;149.611;Sem conurbação
3555802;Urânia;SP;350028;Jales;3507;São José do Rio Preto;;;209.262;Sem conurbação
3506359;Bertioga;SP;350002;Santos;3501;São Paulo;;;491.546;Sem conurbação
3514908;Elias Fausto;SP;350038;Campinas;3510;Campinas;;;202.36;Sem conurbação
3539301;Pirassununga;SP;350037;São Carlos;3509;Araraquara;;;727.714;Sem conurbação
3122405;Divisa Nova;MG;310042;Alfenas;3108;Varginha;;;216.955;Sem conurbação
3547601;Santa Rosa de Viterbo;SP;350031;Ribeirão Preto;3508;Ribeirão Preto;;;288.576;Sem conurbação
3106655;Berizal;MG;310008;Salinas;3102;Montes Claros;;;488.756;Sem conurbação
3555901;Uru;SP;350012;Lins;3503;Bauru;;;146.901;Sem conurbação
3531100;Mongaguá;SP;350002;Santos;3501;São Paulo;3548500;Baixada Santista/SP;142.521;Conurbação
3302452;Macuco;RJ;330008;Nova Friburgo;3303;Petrópolis;;;78.364;Sem conurbação
3547700;Santo Anastácio;SP;350018;Presidente Prudente;3505;Presidente Prudente;;;552.876;Sem conurbação
3522901;Itapuí;SP;350010;Jaú;3503;Bauru;;;140.023;Sem conurbação
3130655;Indaiabira;MG;310008;Salinas;3102;Montes Claros;;;1004.149;Sem conurbação
3122470;Dom Bosco;MG;310063;Unaí;3112;Patos de Minas;;;817.383;Sem conurbação
3523008;Itapura;SP;350024;Andradina;3506;Araçatuba;;;301.653;Sem conurbação
3204054;Pedro Canário;ES;320003;São Mateus;3202;São Mateus;;;433.453;Sem conurbação
3514700;Echaporã;SP;350013;Marília;3504;Marília;;;515.258;Sem conurbação
3138682;Luislândia;MG;310006;Montes Claros;3102;Montes Claros;;;411.714;Sem conurbação
3555703;União Paulista;SP;350025;São José do Rio Preto;3507;São José do Rio Preto;;;79.056;Sem conurbação
3122454;Divisópolis;MG;310018;Pedra Azul;3103;Teófilo Otoni;;;572.926;Sem conurbação
3138674;Luisburgo;MG;310028;Manhuaçu;3106;Juíz de Fora;;;145.418;Sem conurbação
3302270;Japeri;RJ;330001;Rio de Janeiro;3301;Rio de Janeiro;3304557;Rio de Janeiro/RJ;81.697;Conurbação
3106705;Betim;MG;310001;Belo Horizonte;3101;Belo Horizonte;3106200;Belo Horizonte/MG;344.076;Conurbação
3514809;Eldorado;SP;350005;Registro;3502;Sorocaba;;;1654.256;Sem conurbação
3138658;Lontra;MG;310006;Montes Claros;3102;Montes Claros;;;258.925;Sem conurbação
3122306;Divinópolis;MG;310065;Divinópolis;3113;Divinópolis;3122306;Divinópolis;708.115;Conurbação
3302254;Itatiaia;RJ;330005;Resende;3302;Volta Redonda - Barra Mansa;3304201;Resende/RJ;241.035;Conurbação
3547502;Santa Rita do Passa Quatro;SP;350037;São Carlos;3509;Araraquara;;;752.911;Sem conurbação
3171600;Virgem da Lapa;MG;310017;Araçuaí;3103;Teófilo Otoni;;;868.914;Sem conurbação
3522307;Itapetininga;SP;350006;Itapetininga;3502;Sorocaba;3522307;Itapetininga/SP;1789.35;Conurbação
3163409;São José do Goiabal;MG;310024;Ipatinga;3105;Ipatinga;;;189.578;Sem conurbação
3204104;Pinheiros;ES;320003;São Mateus;3202;São Mateus;;;973.136;Sem conurbação
3146909;Papagaios;MG;310068;Pará de Minas;3113;Divinópolis;;;553.577;Sem conurbação
3130556;Imbé de Minas;MG;310025;Caratinga;3105;Ipatinga;;;196.735;Sem conurbação
3514106;Dois Córregos;SP;350010;Jaú;3503;Bauru;;;632.972;Sem conurbação
3155207;Rio Espera;MG;310038;Conselheiro Lafaiete;3107;Barbacena;;;238.602;Sem conurbação
3506706;Boa Esperança do Sul;SP;350036;Araraquara;3509;Araraquara;;;690.748;Sem conurbação
3114204;Carmo do Cajuru;MG;310065;Divinópolis;3113;Divinópolis;;;455.807;Sem conurbação
3138708;Luminárias;MG;310043;Lavras;3108;Varginha;;;500.143;Sem conurbação
3122355;Divisa Alegre;MG;310018;Pedra Azul;3103;Teófilo Otoni;;;117.802;Sem conurbação
3302304;Laje do Muriaé;RJ;330011;Itaperuna;3304;Campos dos Goytacazes;;;253.53;Sem conurbação
3114303;Carmo do Paranaíba;MG;310062;Patos de Minas;3112;Patos de Minas;;;1307.862;Sem conurbação
3171402;Vieiras;MG;310031;Muriaé;3106;Juíz de Fora;;;112.691;Sem conurbação
3106002;Bela Vista de Minas;MG;310026;João Monlevade;3105;Ipatinga;;;109.25;Sem conurbação
3130507;Ilicínea;MG;310046;Três Pontas - Boa Esperança;3108;Varginha;;;376.341;Sem conurbação
3538709;Piracicaba;SP;350040;Piracicaba;3510;Campinas;3538709;Piracicaba/SP;1377.173;Conurbação
3106101;Belmiro Braga;MG;310027;Juiz de Fora;3106;Juíz de Fora;;;393.086;Sem conurbação
3171501;Mathias Lobato;MG;310020;Governador Valadares;3104;Governador Valadares;;;172.297;Sem conurbação
3506508;Birigui;SP;350023;Birigui - Penápolis;3506;Araçatuba;3506508;Birigui/SP;530.031;Conurbação
3530508;Mococa;SP;350047;São José do Rio Pardo - Mococa;3510;Campinas;;;855.701;Sem conurbação
3301603;Duas Barras;RJ;330008;Nova Friburgo;3303;Petrópolis;;;379.619;Sem conurbação
3163300;São José do Divino;MG;310013;Teófilo Otoni;3103;Teófilo Otoni;;;328.704;Sem conurbação
3204005;Pancas;ES;320005;Colatina;3203;Colatina;;;837.842;Sem conurbação
3506607;Biritiba Mirim;SP;350001;São Paulo;3501;São Paulo;3550308;São Paulo/SP;317.406;Conurbação
3155108;Rio do Prado;MG;310015;Almenara;3103;Teófilo Otoni;;;479.815;Sem conurbação
3114105;Carmo de Minas;MG;310053;São Lourenço;3109;Pouso Alegre;;;322.285;Sem conurbação
3147303;Paraisópolis;MG;310052;Itajubá;3109;Pouso Alegre;;;331.238;Sem conurbação
3301702;Duque de Caxias;RJ;330001;Rio de Janeiro;3301;Rio de Janeiro;3304557;Rio de Janeiro/RJ;467.319;Conurbação
3522158;Itaoca;SP;350004;Itapeva;3502;Sorocaba;;;183.015;Sem conurbação
3105905;Barroso;MG;310037;Barbacena;3107;Barbacena;;;82.07;Sem conurbação
3203320;Marataízes;ES;320007;Cachoeiro de Itapemirim;3204;Cachoeiro do Itapemirim;;;130.268;Sem conurbação
3555109;Tupi Paulista;SP;350020;Dracena;3505;Presidente Prudente;;;244.663;Sem conurbação
3171808;Virginópolis;MG;310021;Guanhães;3104;Governador Valadares;;;439.878;Sem conurbação
3139102;Madre de Deus de Minas;MG;310039;São João del Rei;3107;Barbacena;;;492.909;Sem conurbação
3203304;Mantenópolis;ES;320005;Colatina;3203;Colatina;;;321.417;Sem conurbação
3538600;Piracaia;SP;350041;Bragança Paulista;3510;Campinas;;;385.64;Sem conurbação
3130903;Inhapim;MG;310025;Caratinga;3105;Ipatinga;;;858.024;Sem conurbação
3163607;São José do Mantimento;MG;310028;Manhuaçu;3106;Juíz de Fora;;;54.701;Sem conurbação
3505906;Batatais;SP;350031;Ribeirão Preto;3508;Ribeirão Preto;;;849.526;Sem conurbação
3171907;Virgolândia;MG;310020;Governador Valadares;3104;Governador Valadares;;;281.022;Sem conurbação
3546900;Santa Lúcia;SP;350036;Araraquara;3509;Araraquara;3503208;Araraquara/SP;153.86;Conurbação
3530409;Mirassolândia;SP;350025;São José do Rio Preto;3507;São José do Rio Preto;3549805;São José do Rio Preto/SP;166.125;Conurbação
3147105;Pará de Minas;MG;310068;Pará de Minas;3113;Divinópolis;;;551.105;Sem conurbação
3301504;Cordeiro;RJ;330008;Nova Friburgo;3303;Petrópolis;;;113.048;Sem conurbação
3122702;Dom Silvério;MG;310030;Ponte Nova;3106;Juíz de Fora;;;194.972;Sem conurbação
3155405;Rio Novo;MG;310027;Juiz de Fora;3106;Juíz de Fora;;;209.31;Sem conurbação
3163706;São Lourenço;MG;310053;São Lourenço;3109;Pouso Alegre;;;58.019;Sem conurbação
3522208;Itapecerica da Serra;SP;350001;São Paulo;3501;São Paulo;3550308;São Paulo/SP;151.012;Conurbação
3138906;Machacalis;MG;310019;Águas Formosas;3103;Teófilo Otoni;;;332.378;Sem conurbação
3147204;Paraguaçu;MG;310042;Alfenas;3108;Varginha;;;424.296;Sem conurbação
3554904;Três Fronteiras;SP;350030;Santa Fé do Sul;3507;São José do Rio Preto;;;151.594;Sem conurbação
3155504;Rio Paranaíba;MG;310062;Patos de Minas;3112;Patos de Minas;;;1352.353;Sem conurbação
3114501;Carmópolis de Minas;MG;310069;Oliveira;3113;Divinópolis;;;400.01;Sem conurbação
3514007;Dobrada;SP;350036;Araraquara;3509;Araraquara;;;149.729;Sem conurbação
3203353;Marilândia;ES;320005;Colatina;3203;Colatina;;;327.642;Sem conurbação
3130705;Indianópolis;MG;310059;Uberlândia;3111;Uberlândia;;;830.03;Sem conurbação
3538907;Pirajuí;SP;350009;Bauru;3503;Bauru;;;823.758;Sem conurbação
3139003;Machado;MG;310042;Alfenas;3108;Varginha;;;585.958;Sem conurbação
3106309;Belo Oriente;MG;310024;Ipatinga;3105;Ipatinga;3131307;Ipatinga/MG;334.909;Conurbação
3171709;Virgínia;MG;310053;São Lourenço;3109;Pouso Alegre;;;326.515;Sem conurbação
3203346;Marechal Floriano;ES;320002;Afonso Cláudio - Venda Nova do Imigrante - Santa Maria de Jetibá;3201;Vitória;;;285.495;Sem conurbação
3546702;Santa Gertrudes;SP;350046;Rio Claro;3510;Campinas;3543907;Rio Claro/SP;98.045;Conurbação
3555000;Tupã;SP;350016;Tupã;3504;Marília;;;627.986;Sem conurbação
3203205;Linhares;ES;320004;Linhares;3202;São Mateus;3203205;Linhares;3496.263;Conurbação
3122504;Dom Cavati;MG;310024;Ipatinga;3105;Ipatinga;;;59.52;Sem conurbação
3130804;Ingaí;MG;310043;Lavras;3108;Varginha;;;305.591;Sem conurbação
3163508;São José do Jacuri;MG;310021;Guanhães;3104;Governador Valadares;;;345.146;Sem conurbação
3530706;Mogi Guaçu;SP;350043;Mogi Guaçu;3510;Campinas;3530706;Mogi Guaçu - Mogi Mirim/SP;812.753;Conurbação
3539004;Pirangi;SP;350026;Catanduva;3507;São José do Rio Preto;;;215.809;Sem conurbação
3546801;Santa Isabel;SP;350001;São Paulo;3501;São Paulo;3550308;São Paulo/SP;362.875;Conurbação
3122603;Dom Joaquim;MG;310021;Guanhães;3104;Governador Valadares;;;398.793;Sem conurbação
3522505;Itapevi;SP;350001;São Paulo;3501;São Paulo;3550308;São Paulo/SP;82.583;Conurbação
3203163;Laranja da Terra;ES;320002;Afonso Cláudio - Venda Nova do Imigrante - Santa Maria de Jetibá;3201;Vitória;;;458.37;Sem conurbação
3530805;Mogi Mirim;SP;350043;Mogi Guaçu;3510;Campinas;3530706;Mogi Guaçu - Mogi Mirim/SP;497.709;Conurbação
3554953;Tuiuti;SP;350041;Bragança Paulista;3510;Campinas;;;126.731;Sem conurbação
3155306;Rio Manso;MG;310069;Oliveira;3113;Divinópolis;;;231.54;Sem conurbação
3138302;Leandro Ferreira;MG;310065;Divinópolis;3113;Divinópolis;;;352.005;Sem conurbação
3114550;Carneirinho;MG;310058;Iturama;3110;Uberaba;;;2063.462;Sem conurbação
3522604;Itapira;SP;350043;Mogi Guaçu;3510;Campinas;;;518.431;Sem conurbação
3555307;Turmalina;SP;350028;Jales;3507;São José do Rio Preto;;;147.797;Sem conurbação
3130101;Igarapé;MG;310001;Belo Horizonte;3101;Belo Horizonte;3106200;Belo Horizonte/MG;110.894;Conurbação
3301876;Iguaba Grande;RJ;330013;Cabo Frio;3305;Macaé - Rio das Ostras - Cabo Frio;3300209;Araruama/RJ;50.977;Conurbação
3538808;Piraju;SP;350017;Piraju;3504;Marília;;;504.591;Sem conurbação
3514403;Dracena;SP;350020;Dracena;3505;Presidente Prudente;;;487.271;Sem conurbação
3146552;Pai Pedro;MG;310007;Janaúba;3102;Montes Claros;;;839.805;Sem conurbação
3121902;Divinésia;MG;310029;Ubá;3106;Juíz de Fora;;;116.97;Sem conurbação
3547106;Santa Mercedes;SP;350020;Dracena;3505;Presidente Prudente;;;166.884;Sem conurbação
3301850;Guapimirim;RJ;330001;Rio de Janeiro;3301;Rio de Janeiro;3304557;Rio de Janeiro/RJ;358.443;Conurbação
3530607;Mogi das Cruzes;SP;350001;São Paulo;3501;São Paulo;3550308;São Paulo/SP;712.532;Conurbação
3171071;Veredinha;MG;310014;Capelinha;3103;Teófilo Otoni;;;631.691;Sem conurbação
3138351;Leme do Prado;MG;310014;Capelinha;3103;Teófilo Otoni;;;280.036;Sem conurbação
3547205;Santana da Ponte Pensa;SP;350030;Santa Fé do Sul;3507;São José do Rio Preto;;;129.888;Sem conurbação
3505807;Bastos;SP;350016;Tupã;3504;Marília;;;170.912;Sem conurbação
3522406;Itapeva;SP;350004;Itapeva;3502;Sorocaba;;;1826.258;Sem conurbação
3146503;Pains;MG;310066;Formiga;3113;Divinópolis;;;421.862;Sem conurbação
3555356;Ubarana;SP;350025;São José do Rio Preto;3507;São José do Rio Preto;;;209.861;Sem conurbação
3171030;Verdelândia;MG;310007;Janaúba;3102;Montes Claros;;;1570.582;Sem conurbação
3514205;Dolcinópolis;SP;350028;Jales;3507;São José do Rio Preto;;;77.939;Sem conurbação
3301900;Itaboraí;RJ;330001;Rio de Janeiro;3301;Rio de Janeiro;3304557;Rio de Janeiro/RJ;429.961;Conurbação
3162948;São José da Barra;MG;310041;Passos;3108;Varginha;;;308.319;Sem conurbação
3514304;Dourado;SP;350037;São Carlos;3509;Araraquara;;;205.874;Sem conurbação
3547007;Santa Maria da Serra;SP;350040;Piracicaba;3510;Campinas;;;252.621;Sem conurbação
3114402;Carmo do Rio Claro;MG;310041;Passos;3108;Varginha;;;1065.685;Sem conurbação
3171105;Veríssimo;MG;310055;Uberaba;3110;Uberaba;;;1031.823;Sem conurbação
3162922;São Joaquim de Bicas;MG;310001;Belo Horizonte;3101;Belo Horizonte;3106200;Belo Horizonte/MG;71.995;Conurbação
3106200;Belo Horizonte;MG;310001;Belo Horizonte;3101;Belo Horizonte;3106200;Belo Horizonte/MG;331.337;Conurbação
3162906;São João Nepomuceno;MG;310035;São João Nepomuceno - Bicas;3106;Juíz de Fora;;;407.427;Sem conurbação
3203601;Mucurici;ES;320003;São Mateus;3202;São Mateus;;;540.529;Sem conurbação
3146404;Paineiras;MG;310070;Abaeté;3113;Divinópolis;;;637.309;Sem conurbação
3130051;Icaraí de Minas;MG;310011;São Francisco;3102;Montes Claros;;;625.664;Sem conurbação
3513603;Cunha;SP;350052;Guaratinguetá;3511;São José dos Campos;;;1407.098;Sem conurbação
3506201;Bento de Abreu;SP;350022;Araçatuba;3506;Araçatuba;;;301.687;Sem conurbação
3154705;Ribeirão Vermelho;MG;310043;Lavras;3108;Varginha;3138203;Lavras/MG;49.251;Conurbação
3113701;Carlos Chagas;MG;310013;Teófilo Otoni;3103;Teófilo Otoni;;;3202.984;Sem conurbação
3138203;Lavras;MG;310043;Lavras;3108;Varginha;3138203;Lavras/MG;564.744;Conurbação
3105509;Barão do Monte Alto;MG;310031;Muriaé;3106;Juíz de Fora;;;198.313;Sem conurbação
3170909;Varzelândia;MG;310006;Montes Claros;3102;Montes Claros;;;814.994;Sem conurbação
3301801;Engenheiro Paulo de Frontin;RJ;330004;Volta Redonda - Barra Mansa;3302;Volta Redonda - Barra Mansa;;;139.381;Sem conurbação
3146750;Palmópolis;MG;310015;Almenara;3103;Teófilo Otoni;;;433.154;Sem conurbação
3555208;Turiúba;SP;350023;Birigui - Penápolis;3506;Araçatuba;;;153.492;Sem conurbação
3162708;São João do Paraíso;MG;310008;Salinas;3102;Montes Claros;;;1925.575;Sem conurbação
3130002;Ibituruna;MG;310043;Lavras;3108;Varginha;;;153.106;Sem conurbação
3538204;Pinhalzinho;SP;350041;Bragança Paulista;3510;Campinas;;;154.529;Sem conurbação
3171006;Vazante;MG;310062;Patos de Minas;3112;Patos de Minas;;;1913.396;Sem conurbação
3203403;Mimoso do Sul;ES;320007;Cachoeiro de Itapemirim;3204;Cachoeiro do Itapemirim;;;869.439;Sem conurbação
3121803;Dionísio;MG;310024;Ipatinga;3105;Ipatinga;;;339.375;Sem conurbação
3506003;Bauru;SP;350009;Bauru;3503;Bauru;3506003;Bauru/SP;667.684;Conurbação
3154507;Riacho dos Machados;MG;310007;Janaúba;3102;Montes Claros;;;1315.54;Sem conurbação
3530003;Mira Estrela;SP;350029;Fernandópolis;3507;São José do Rio Preto;;;216.825;Sem conurbação
3162807;São João Evangelista;MG;310021;Guanhães;3104;Governador Valadares;;;478.183;Sem conurbação
3301108;Cantagalo;RJ;330008;Nova Friburgo;3303;Petrópolis;;;747.21;Sem conurbação
3146701;Palma;MG;310032;Cataguases;3106;Juíz de Fora;;;316.476;Sem conurbação
3203502;Montanha;ES;320003;São Mateus;3202;São Mateus;;;1099.06;Sem conurbação
3521804;Itaí;SP;350007;Avaré;3502;Sorocaba;;;1092.884;Sem conurbação
3506102;Bebedouro;SP;350032;Barretos;3508;Ribeirão Preto;;;683.192;Sem conurbação
3554508;Tietê;SP;350003;Sorocaba;3502;Sorocaba;;;405.034;Sem conurbação
3154606;Ribeirão das Neves;MG;310001;Belo Horizonte;3101;Belo Horizonte;3106200;Belo Horizonte/MG;155.105;Conurbação
3113602;Careaçu;MG;310050;Pouso Alegre;3109;Pouso Alegre;;;181.009;Sem conurbação
3138625;Limeira do Oeste;MG;310058;Iturama;3110;Uberaba;;;1317.153;Sem conurbação
3538006;Pindamonhangaba;SP;350050;Taubaté - Pindamonhangaba;3511;São José dos Campos;3549904;São José dos Campos/SP;731.356;Conurbação
3138609;Lima Duarte;MG;310027;Juiz de Fora;3106;Juíz de Fora;;;848.564;Sem conurbação
3554607;Timburi;SP;350017;Piraju;3504;Marília;;;196.79;Sem conurbação
3105400;Barão de Cocais;MG;310003;Santa Bárbara - Ouro Preto;3101;Belo Horizonte;;;340.14;Sem conurbação
3171303;Viçosa;MG;310033;Viçosa;3106;Juíz de Fora;;;299.418;Sem conurbação
3529807;Mineiros do Tietê;SP;350010;Jaú;3503;Bauru;;;213.242;Sem conurbação
3538105;Pindorama;SP;350026;Catanduva;3507;São José do Rio Preto;3511102;Catanduva/SP;184.825;Conurbação
3130408;Ijaci;MG;310043;Lavras;3108;Varginha;3138203;Lavras/MG;105.246;Conurbação
3202801;Itapemirim;ES;320007;Cachoeiro de Itapemirim;3204;Cachoeiro do Itapemirim;;;551.133;Sem conurbação
3301157;Cardoso Moreira;RJ;330010;Campos dos Goytacazes;3304;Campos dos Goytacazes;;;522.596;Sem conurbação
3546405;Santa Cruz do Rio Pardo;SP;350015;Ourinhos;3504;Marília;;;1114.747;Sem conurbação
3505401;Barra do Turvo;SP;350005;Registro;3502;Sorocaba;;;1007.684;Sem conurbação
3163102;São José da Varginha;MG;310068;Pará de Minas;3113;Divinópolis;;;205.501;Sem conurbação
3122207;Divinolândia de Minas;MG;310021;Guanhães;3104;Governador Valadares;;;133.12;Sem conurbação
3529906;Miracatu;SP;350005;Registro;3502;Sorocaba;;;1002.2;Sem conurbação
3146602;Paiva;MG;310027;Juiz de Fora;3106;Juíz de Fora;;;58.419;Sem conurbação
3154903;Rio Casca;MG;310030;Ponte Nova;3106;Juíz de Fora;;;384.381;Sem conurbação
3163201;São José do Alegre;MG;310052;Itajubá;3109;Pouso Alegre;3132404;Itajubá/MG;88.794;Conurbação
3521705;Itaberá;SP;350004;Itapeva;3502;Sorocaba;;;1100.247;Sem conurbação
3554409;Terra Roxa;SP;350032;Barretos;3508;Ribeirão Preto;;;221.54;Sem conurbação
3138401;Leopoldina;MG;310032;Cataguases;3106;Juíz de Fora;;;943.077;Sem conurbação
3505351;Barra do Chapéu;SP;350004;Itapeva;3502;Sorocaba;;;405.681;Sem conurbação
3155009;Rio Doce;MG;310030;Ponte Nova;3106;Juíz de Fora;;;112.094;Sem conurbação
3513504;Cubatão;SP;350002;Santos;3501;São Paulo;3548500;Baixada Santista/SP;143.649;Conurbação
3546207;Santa Cruz da Conceição;SP;350045;Araras;3510;Campinas;;;150.13;Sem conurbação
3130200;Igaratinga;MG;310068;Pará de Minas;3113;Divinópolis;;;218.343;Sem conurbação
3300951;Comendador Levy Gasparian;RJ;330009;Três Rios - Paraíba do Sul;3303;Petrópolis;3306008;Três Rios - Paraíba do Sul/RJ;108.639;Conurbação
3138500;Liberdade;MG;310027;Juiz de Fora;3106;Juíz de Fora;;;401.337;Sem conurbação
3171204;Vespasiano;MG;310001;Belo Horizonte;3101;Belo Horizonte;3106200;Belo Horizonte/MG;70.456;Conurbação
3122009;Divino;MG;310034;Carangola;3106;Juíz de Fora;;;337.776;Sem conurbação
3300936;Carapebus;RJ;330014;Macaé - Rio das Ostras;3305;Macaé - Rio das Ostras - Cabo Frio;3302403;Macaé - Rio das Ostras/RJ;304.884;Conurbação
3130309;Iguatama;MG;310066;Formiga;3113;Divinópolis;;;628.2;Sem conurbação
3546306;Santa Cruz das Palmeiras;SP;350044;São João da Boa Vista;3510;Campinas;;;295.33;Sem conurbação
3163003;São José da Safira;MG;310020;Governador Valadares;3104;Governador Valadares;;;213.881;Sem conurbação
3530201;Mirante do Paranapanema;SP;350018;Presidente Prudente;3505;Presidente Prudente;;;1238.931;Sem conurbação
3538501;Piquete;SP;350052;Guaratinguetá;3511;São José dos Campos;;;175.996;Sem conurbação
3513850;Dirce Reis;SP;350028;Jales;3507;São José do Rio Preto;;;88.152;Sem conurbação
3122108;Divino das Laranjeiras;MG;310020;Governador Valadares;3104;Governador Valadares;;;342.249;Sem conurbação
3522000;Itaju;SP;350010;Jaú;3503;Bauru;;;230.355;Sem conurbação
3154804;Rio Acima;MG;310001;Belo Horizonte;3101;Belo Horizonte;3106200;Belo Horizonte/MG;228.899;Conurbação
3530300;Mirassol;SP;350025;São José do Rio Preto;3507;São José do Rio Preto;3549805;São José do Rio Preto/SP;243.228;Conurbação
3171154;Vermelho Novo;MG;310025;Caratinga;3105;Ipatinga;;;115.242;Sem conurbação
3202652;Irupi;ES;320008;Alegre;3204;Cachoeiro do Itapemirim;;;184.807;Sem conurbação
3301009;Campos dos Goytacazes;RJ;330010;Campos dos Goytacazes;3304;Campos dos Goytacazes;3301009;Campos dos Goytacazes/RJ;4032.487;Conurbação
3546256;Santa Cruz da Esperança;SP;350031;Ribeirão Preto;3508;Ribeirão Preto;3543402;Ribeirão Preto/SP;148.062;Conurbação
3522109;Itanhaém;SP;350002;Santos;3501;São Paulo;3548500;Baixada Santista/SP;601.018;Conurbação
3162955;São José da Lapa;MG;310001;Belo Horizonte;3101;Belo Horizonte;3106200;Belo Horizonte/MG;48.135;Conurbação
3513801;Diadema;SP;350001;São Paulo;3501;São Paulo;3550308;São Paulo/SP;30.806;Conurbação
3554805;Tremembé;SP;350050;Taubaté - Pindamonhangaba;3511;São José dos Campos;3549904;São José dos Campos/SP;190.93;Conurbação
3538303;Piquerobi;SP;350021;Presidente Epitácio-Presidente Venceslau;3505;Presidente Prudente;;;482.769;Sem conurbação
3121407;Desterro de Entre Rios;MG;310038;Conselheiro Lafaiete;3107;Barbacena;;;377.165;Sem conurbação
3513900;Divinolândia;SP;350047;São José do Rio Pardo - Mococa;3510;Campinas;;;223.749;Sem conurbação
3546603;Santa Fé do Sul;SP;350030;Santa Fé do Sul;3507;São José do Rio Preto;;;206.537;Sem conurbação
3114006;Carmo da Mata;MG;310065;Divinópolis;3113;Divinópolis;;;357.178;Sem conurbação
3530102;Mirandópolis;SP;350024;Andradina;3506;Araçatuba;;;917.692;Sem conurbação
3202702;Itaguaçu;ES;320005;Colatina;3203;Colatina;;;535.021;Sem conurbação
3521903;Itajobi;SP;350026;Catanduva;3507;São José do Rio Preto;;;502.066;Sem conurbação
3146008;Ouro Fino;MG;310050;Pouso Alegre;3109;Pouso Alegre;;;533.714;Sem conurbação
3505302;Barra Bonita;SP;350010;Jaú;3503;Bauru;;;150.121;Sem conurbação
3129657;Ibiracatu;MG;310006;Montes Claros;3102;Montes Claros;;;353.257;Sem conurbação
3170529;Urucuia;MG;310063;Unaí;3112;Patos de Minas;;;2076.942;Sem conurbação
3203056;Jaguaré;ES;320003;São Mateus;3202;São Mateus;;;659.751;Sem conurbação
3513702;Descalvado;SP;350037;São Carlos;3509;Araraquara;;;753.926;Sem conurbação
3137809;Lambari;MG;310053;São Lourenço;3109;Pouso Alegre;;;213.11;Sem conurbação
3145851;Oratórios;MG;310030;Ponte Nova;3106;Juíz de Fora;;;89.068;Sem conurbação
3113800;Carmésia;MG;310005;Itabira;3101;Belo Horizonte;;;259.103;Sem conurbação
3301405;Conceição de Macabu;RJ;330014;Macaé - Rio das Ostras;3305;Macaé - Rio das Ostras - Cabo Frio;3302403;Macaé - Rio das Ostras/RJ;338.26;Conurbação
3170503;Urucânia;MG;310030;Ponte Nova;3106;Juíz de Fora;;;138.792;Sem conurbação
3105608;Barbacena;MG;310037;Barbacena;3107;Barbacena;3105608;Barbacena/MG;759.186;Conurbação
3154150;Reduto;MG;310028;Manhuaçu;3106;Juíz de Fora;;;151.859;Sem conurbação
3113909;Carmo da Cachoeira;MG;310045;Três Corações;3108;Varginha;;;506.333;Sem conurbação
3129608;Ibiaí;MG;310010;Pirapora;3102;Montes Claros;;;874.76;Sem conurbação
3170602;Vargem Bonita;MG;310049;Piumhi;3108;Varginha;;;409.888;Sem conurbação
3105707;Barra Longa;MG;310030;Ponte Nova;3106;Juíz de Fora;;;383.628;Sem conurbação
3203130;João Neiva;ES;320004;Linhares;3202;São Mateus;;;284.734;Sem conurbação
3505609;Barrinha;SP;350031;Ribeirão Preto;3508;Ribeirão Preto;;;148.756;Sem conurbação
3554656;Torre de Pedra;SP;350008;Tatuí;3502;Sorocaba;;;71.506;Sem conurbação
3145802;Onça de Pitangui;MG;310068;Pará de Minas;3113;Divinópolis;;;246.976;Sem conurbação
3162401;São João da Ponte;MG;310006;Montes Claros;3102;Montes Claros;;;1851.102;Sem conurbação
3170578;Vargem Alegre;MG;310025;Caratinga;3105;Ipatinga;;;116.664;Sem conurbação
3203106;Jerônimo Monteiro;ES;320007;Cachoeiro de Itapemirim;3204;Cachoeiro do Itapemirim;;;177.342;Sem conurbação
3301207;Carmo;RJ;330008;Nova Friburgo;3303;Petrópolis;;;305.749;Sem conurbação
3121258;Delta;MG;310055;Uberaba;3110;Uberaba;;;102.784;Sem conurbação
3505708;Barueri;SP;350001;São Paulo;3501;São Paulo;3550308;São Paulo/SP;66.364;Conurbação
3554755;Trabiju;SP;350036;Araraquara;3509;Araraquara;;;63.421;Sem conurbação
3170438;União de Minas;MG;310058;Iturama;3110;Uberaba;;;1147.407;Sem conurbação
3145901;Ouro Branco;MG;310038;Conselheiro Lafaiete;3107;Barbacena;3118304;Conselheiro Lafaiete/MG;258.726;Conurbação
3113206;Carandaí;MG;310038;Conselheiro Lafaiete;3107;Barbacena;;;487.28;Sem conurbação
3154200;Resende Costa;MG;310039;São João del Rei;3107;Barbacena;;;618.312;Sem conurbação
3137700;Lajinha;MG;310028;Manhuaçu;3106;Juíz de Fora;;;431.92;Sem conurbação
3145877;Orizânia;MG;310034;Carangola;3106;Juíz de Fora;;;121.8;Sem conurbação
3301306;Casimiro de Abreu;RJ;330014;Macaé - Rio das Ostras;3305;Macaé - Rio das Ostras - Cabo Frio;3302403;Macaé - Rio das Ostras/RJ;462.918;Conurbação
3105004;Baldim;MG;310002;Sete Lagoas;3101;Belo Horizonte;;;556.266;Sem conurbação
3170404;Unaí;MG;310063;Unaí;3112;Patos de Minas;;;8445.432;Sem conurbação
3129509;Ibiá;MG;310056;Araxá;3110;Uberaba;;;2704.132;Sem conurbação
3554706;Torrinha;SP;350010;Jaú;3503;Bauru;;;315.267;Sem conurbação
3162203;São João Batista do Glória;MG;310041;Passos;3108;Varginha;;;547.908;Sem conurbação
3537701;Piacatu;SP;350023;Birigui - Penápolis;3506;Araçatuba;;;232.488;Sem conurbação
3202900;Itarana;ES;320002;Afonso Cláudio - Venda Nova do Imigrante - Santa Maria de Jetibá;3201;Vitória;;;295.189;Sem conurbação
3121308;Descoberto;MG;310035;São João Nepomuceno - Bicas;3106;Juíz de Fora;;;213.168;Sem conurbação
3546504;Santa Ernestina;SP;350031;Ribeirão Preto;3508;Ribeirão Preto;;;134.421;Sem conurbação
3505500;Barretos;SP;350032;Barretos;3508;Ribeirão Preto;3505500;Barretos;1566.161;Conurbação
3170479;Uruana de Minas;MG;310063;Unaí;3112;Patos de Minas;;;598.221;Sem conurbação
3529500;Mendonça;SP;350025;São José do Rio Preto;3507;São José do Rio Preto;;;195.151;Sem conurbação
3146206;Ouro Verde de Minas;MG;310013;Teófilo Otoni;3103;Teófilo Otoni;;;175.482;Sem conurbação
3203007;Iúna;ES;320008;Alegre;3204;Cachoeiro do Itapemirim;;;460.586;Sem conurbação
3154002;Raul Soares;MG;310025;Caratinga;3105;Ipatinga;;;763.364;Sem conurbação
3300605;Bom Jesus do Itabapoana;RJ;330011;Itaperuna;3304;Campos dos Goytacazes;;;596.659;Sem conurbação
3162302;São João da Mata;MG;310050;Pouso Alegre;3109;Pouso Alegre;;;120.536;Sem conurbação
3521309;Ipuã;SP;350034;São Joaquim da Barra - Orlândia;3508;Ribeirão Preto;;;466.461;Sem conurbação
3138005;Laranjal;MG;310032;Cataguases;3106;Juíz de Fora;;;204.882;Sem conurbação
3146305;Padre Paraíso;MG;310013;Teófilo Otoni;3103;Teófilo Otoni;;;544.375;Sem conurbação
3554003;Tatuí;SP;350008;Tatuí;3502;Sorocaba;3554003;Tatuí;523.749;Conurbação
3154101;Recreio;MG;310032;Cataguases;3106;Juíz de Fora;;;234.296;Sem conurbação
3513108;Cravinhos;SP;350031;Ribeirão Preto;3508;Ribeirão Preto;3543402;Ribeirão Preto/SP;311.423;Conurbação
3537503;Pereiras;SP;350008;Tatuí;3502;Sorocaba;;;223.136;Sem conurbação
3521150;Ipiguá;SP;350025;São José do Rio Preto;3507;São José do Rio Preto;3549805;São José do Rio Preto/SP;136.028;Conurbação
3129806;Ibirité;MG;310001;Belo Horizonte;3101;Belo Horizonte;3106200;Belo Horizonte/MG;72.389;Conurbação
3138104;Lassance;MG;310010;Pirapora;3102;Montes Claros;;;3204.217;Sem conurbação
3545803;Santa Bárbara d'Oeste;SP;350038;Campinas;3510;Campinas;3501608;Americana - Santa Bárbara d´Oeste/SP;271.03;Conurbação
3162252;São João da Lagoa;MG;310006;Montes Claros;3102;Montes Claros;;;998.015;Sem conurbação
3554102;Taubaté;SP;350050;Taubaté - Pindamonhangaba;3511;São José dos Campos;3549904;São José dos Campos/SP;624.924;Conurbação
3170800;Várzea da Palma;MG;310010;Pirapora;3102;Montes Claros;;;2220.279;Sem conurbação
3202306;Guaçuí;ES;320008;Alegre;3204;Cachoeiro do Itapemirim;;;468.185;Sem conurbação
3529302;Matão;SP;350036;Araraquara;3509;Araraquara;;;524.899;Sem conurbação
3146255;Padre Carvalho;MG;310008;Salinas;3102;Montes Claros;;;446.275;Sem conurbação
3537602;Peruíbe;SP;350002;Santos;3501;São Paulo;;;323.331;Sem conurbação
3129905;Ibitiúra de Minas;MG;310051;Poços de Caldas;3109;Pouso Alegre;;;68.316;Sem conurbação
3162609;São João do Oriente;MG;310024;Ipatinga;3105;Ipatinga;;;120.122;Sem conurbação
3146107;Ouro Preto;MG;310003;Santa Bárbara - Ouro Preto;3101;Belo Horizonte;;;1246.068;Sem conurbação
3521101;Ipeúna;SP;350046;Rio Claro;3510;Campinas;3543907;Rio Claro/SP;190.01;Conurbação
3529401;Mauá;SP;350001;São Paulo;3501;São Paulo;3550308;São Paulo/SP;62.034;Conurbação
3121704;Diogo de Vasconcelos;MG;310030;Ponte Nova;3106;Juíz de Fora;;;165.091;Sem conurbação
3154408;Ressaquinha;MG;310037;Barbacena;3107;Barbacena;;;183.062;Sem conurbação
3162575;São João do Manteninha;MG;310022;Mantena;3104;Governador Valadares;;;137.928;Sem conurbação
3202256;Governador Lindenberg;ES;320005;Colatina;3203;Colatina;;;360.016;Sem conurbação
3137908;Lamim;MG;310038;Conselheiro Lafaiete;3107;Barbacena;;;118.602;Sem conurbação
3521200;Iporanga;SP;350005;Registro;3502;Sorocaba;;;1152.059;Sem conurbação
3553906;Tarabai;SP;350018;Presidente Prudente;3505;Presidente Prudente;3541406;Presidente Prudente/SP;201.385;Conurbação
3513009;Cotia;SP;350001;São Paulo;3501;São Paulo;3550308;São Paulo/SP;324.0;Conurbação
3129707;Ibiraci;MG;310041;Passos;3108;Varginha;;;562.095;Sem conurbação
3113107;Caranaíba;MG;310038;Conselheiro Lafaiete;3107;Barbacena;;;159.95;Sem conurbação
3537909;Pilar do Sul;SP;350003;Sorocaba;3502;Sorocaba;;;681.248;Sem conurbação
3300456;Belford Roxo;RJ;330001;Rio de Janeiro;3301;Rio de Janeiro;3304557;Rio de Janeiro/RJ;78.985;Conurbação
3545704;Santa Albertina;SP;350028;Jales;3507;São José do Rio Preto;;;272.692;Sem conurbação
3162658;São João do Pacuí;MG;310006;Montes Claros;3102;Montes Claros;;;415.922;Sem conurbação
3104908;Baependi;MG;310054;Caxambu - Baependi;3109;Pouso Alegre;;;750.554;Sem conurbação
3529708;Miguelópolis;SP;350035;Ituverava;3508;Ribeirão Preto;;;820.849;Sem conurbação
3121506;Desterro do Melo;MG;310037;Barbacena;3107;Barbacena;;;142.279;Sem conurbação
3154457;Riachinho;MG;310063;Unaí;3112;Patos de Minas;;;1719.266;Sem conurbação
3162500;São João del Rei;MG;310039;São João del Rei;3107;Barbacena;3162500;São João del Rei/MG;1452.002;Conurbação
3521507;Irapuã;SP;350025;São José do Rio Preto;3507;São José do Rio Preto;;;257.611;Sem conurbação
3121605;Diamantina;MG;310016;Diamantina;3103;Teófilo Otoni;;;3891.659;Sem conurbação
3504909;Bananal;SP;350053;Cruzeiro;3511;São José dos Campos;;;616.934;Sem conurbação
3553955;Tarumã;SP;350014;Assis;3504;Marília;;;302.913;Sem conurbação
3154309;Resplendor;MG;310023;Aimorés - Resplendor;3104;Governador Valadares;;;1081.796;Sem conurbação
3170651;Vargem Grande do Rio Pardo;MG;310008;Salinas;3102;Montes Claros;;;491.512;Sem conurbação
3513306;Cruzália;SP;350014;Assis;3504;Marília;;;149.33;Sem conurbação
3145455;Olhos-d'Água;MG;310006;Montes Claros;3102;Montes Claros;;;2092.078;Sem conurbação
3300506;Bom Jardim;RJ;330008;Nova Friburgo;3303;Petrópolis;;;382.43;Sem conurbação
3521606;Irapuru;SP;350020;Dracena;3505;Presidente Prudente;;;214.078;Sem conurbação
3162450;São João das Missões;MG;310009;Januária;3102;Montes Claros;;;678.274;Sem conurbação
3554300;Teodoro Sampaio;SP;350018;Presidente Prudente;3505;Presidente Prudente;;;1559.776;Sem conurbação
3170750;Varjão de Minas;MG;310062;Patos de Minas;3112;Patos de Minas;;;651.505;Sem conurbação
3162559;São João do Manhuaçu;MG;310028;Manhuaçu;3106;Juíz de Fora;;;143.096;Sem conurbação
3513405;Cruzeiro;SP;350053;Cruzeiro;3511;São José dos Campos;;;305.669;Sem conurbação
3113503;Carbonita;MG;310016;Diamantina;3103;Teófilo Otoni;;;1456.095;Sem conurbação
3546108;Santa Clara d'Oeste;SP;350030;Santa Fé do Sul;3507;São José do Rio Preto;;;183.458;Sem conurbação
3202207;Fundão;ES;320001;Vitória;3201;Vitória;3205309;Vitória/ES;286.854;Conurbação
3170701;Varginha;MG;310040;Varginha;3108;Varginha;3170701;Varginha;395.396;Conurbação
3105301;Bandeira do Sul;MG;310051;Poços de Caldas;3109;Pouso Alegre;;;47.266;Sem conurbação
3120870;Curral de Dentro;MG;310008;Salinas;3102;Montes Claros;;;570.95;Sem conurbação
3521408;Iracemápolis;SP;350042;Limeira;3510;Campinas;3526902;Limeira/SP;115.31;Conurbação
3504800;Bálsamo;SP;350025;São José do Rio Preto;3507;São José do Rio Preto;3549805;São José do Rio Preto/SP;149.881;Conurbação
3145505;Olímpio Noronha;MG;310053;São Lourenço;3109;Pouso Alegre;;;54.633;Sem conurbação
3513207;Cristais Paulista;SP;350033;Franca;3508;Ribeirão Preto;3516200;Franca/SP;385.23;Conurbação
3120839;Cuparaque;MG;310023;Aimorés - Resplendor;3104;Governador Valadares;;;226.75;Sem conurbação
3202553;Ibitirama;ES;320008;Alegre;3204;Cachoeiro do Itapemirim;;;330.874;Sem conurbação
3113305;Carangola;MG;310034;Carangola;3106;Juíz de Fora;;;353.404;Sem conurbação
3137304;Lagoa dos Patos;MG;310006;Montes Claros;3102;Montes Claros;;;600.547;Sem conurbação
3170008;Ubaí;MG;310011;São Francisco;3102;Montes Claros;;;820.524;Sem conurbação
3300902;Cambuci;RJ;330012;Santo Antônio de Pádua;3304;Campos dos Goytacazes;;;558.281;Sem conurbação
3529658;Mesópolis;SP;350028;Jales;3507;São José do Rio Preto;;;148.636;Sem conurbação
3105103;Bambuí;MG;310066;Formiga;3113;Divinópolis;;;1455.819;Sem conurbação
3113404;Caratinga;MG;310025;Caratinga;3105;Ipatinga;;;1258.748;Sem conurbação
3129103;Gurinhatã;MG;310060;Ituiutaba;3111;Uberlândia;;;1849.137;Sem conurbação
3161809;São Gonçalo do Pará;MG;310065;Divinópolis;3113;Divinópolis;;;265.73;Sem conurbação
3170107;Uberaba;MG;310055;Uberaba;3110;Uberaba;3170107;Uberaba;4523.957;Conurbação
3202504;Ibiraçu;ES;320004;Linhares;3202;São Mateus;;;201.248;Sem conurbação
3145307;Novo Cruzeiro;MG;310013;Teófilo Otoni;3103;Teófilo Otoni;;;1702.981;Sem conurbação
3537800;Piedade;SP;350003;Sorocaba;3502;Sorocaba;;;746.903;Sem conurbação
3120904;Curvelo;MG;310004;Curvelo;3101;Belo Horizonte;;;3296.2;Sem conurbação
3505104;Barbosa;SP;350023;Birigui - Penápolis;3506;Araçatuba;;;205.212;Sem conurbação
3537156;Pedrinhas Paulista;SP;350014;Assis;3504;Marília;;;152.309;Sem conurbação
3153608;Prudente de Morais;MG;310002;Sete Lagoas;3101;Belo Horizonte;3167202;Sete Lagoas/MG;124.189;Conurbação
3105202;Bandeira;MG;310015;Almenara;3103;Teófilo Otoni;;;483.789;Sem conurbação
3161908;São Gonçalo do Rio Abaixo;MG;310026;João Monlevade;3105;Ipatinga;;;363.818;Sem conurbação
3529609;Meridiano;SP;350029;Fernandópolis;3507;São José do Rio Preto;;;228.199;Sem conurbação
3202603;Iconha;ES;320007;Cachoeiro de Itapemirim;3204;Cachoeiro do Itapemirim;;;203.528;Sem conurbação
3137106;Lagamar;MG;310062;Patos de Minas;3112;Patos de Minas;;;1474.562;Sem conurbação
3300704;Cabo Frio;RJ;330013;Cabo Frio;3305;Macaé - Rio das Ostras - Cabo Frio;3300704;Cabo Frio/RJ;413.449;Conurbação
3145406;Olaria;MG;310027;Juiz de Fora;3106;Juíz de Fora;;;178.242;Sem conurbação
3505203;Bariri;SP;350010;Jaú;3503;Bauru;;;444.405;Sem conurbação
3153707;Quartel Geral;MG;310067;Dores do Indaiá;3113;Divinópolis;;;556.436;Sem conurbação
3112703;Capitão Enéas;MG;310006;Montes Claros;3102;Montes Claros;;;971.576;Sem conurbação
3170057;Ubaporanga;MG;310025;Caratinga;3105;Ipatinga;;;189.045;Sem conurbação
3128907;Guimarânia;MG;310064;Patrocínio;3112;Patos de Minas;;;366.833;Sem conurbação
3537107;Pedreira;SP;350038;Campinas;3510;Campinas;;;108.817;Sem conurbação
3137205;Lagoa da Prata;MG;310065;Divinópolis;3113;Divinópolis;;;439.984;Sem conurbação
3300803;Cachoeiras de Macacu;RJ;330003;Rio Bonito;3301;Rio de Janeiro;;;954.749;Sem conurbação
3145372;Novorizonte;MG;310008;Salinas;3102;Montes Claros;;;271.61;Sem conurbação
3169901;Ubá;MG;310029;Ubá;3106;Juíz de Fora;3169901;Ubá/MG;407.452;Conurbação
3104502;Arinos;MG;310063;Unaí;3112;Patos de Minas;;;5279.419;Sem conurbação
3145356;Novo Oriente de Minas;MG;310013;Teófilo Otoni;3103;Teófilo Otoni;;;755.151;Sem conurbação
3528908;Mariápolis;SP;350019;Adamantina - Lucélia;3505;Presidente Prudente;;;186.432;Sem conurbação
3129004;Guiricema;MG;310029;Ubá;3106;Juíz de Fora;;;293.578;Sem conurbação
3537206;Pedro de Toledo;SP;350002;Santos;3501;São Paulo;;;672.83;Sem conurbação
3554201;Tejupá;SP;350017;Piraju;3504;Marília;;;296.189;Sem conurbação
3112653;Capitão Andrade;MG;310020;Governador Valadares;3104;Governador Valadares;;;279.088;Sem conurbação
3161700;São Gonçalo do Abaeté;MG;310062;Patos de Minas;3112;Patos de Minas;;;2692.545;Sem conurbação
3202405;Guarapari;ES;320001;Vitória;3201;Vitória;3202405;Guarapari;589.826;Conurbação
3546009;Santa Branca;SP;350049;São José dos Campos;3511;São José dos Campos;3549904;São José dos Campos/SP;272.238;Conurbação
3120805;Cruzília;MG;310054;Caxambu - Baependi;3109;Pouso Alegre;;;522.419;Sem conurbação
3505005;Barão de Antonina;SP;350004;Itapeva;3502;Sorocaba;;;153.142;Sem conurbação
3137536;Lagoa Grande;MG;310062;Patos de Minas;3112;Patos de Minas;;;1236.301;Sem conurbação
3153509;Alto Jequitibá;MG;310028;Manhuaçu;3106;Juíz de Fora;;;152.272;Sem conurbação
3529005;Marília;SP;350013;Marília;3504;Marília;3529005;Marília/SP;1170.515;Conurbação
3145703;Oliveira Fortes;MG;310027;Juiz de Fora;3106;Juíz de Fora;;;111.13;Sem conurbação
3300100;Angra dos Reis;RJ;330002;Angra dos Reis;3301;Rio de Janeiro;3300100;Angra dos Reis;813.419;Conurbação
3520806;Inúbia Paulista;SP;350019;Adamantina - Lucélia;3505;Presidente Prudente;;;87.119;Sem conurbação
3137502;Lagoa Formosa;MG;310062;Patos de Minas;3112;Patos de Minas;;;840.92;Sem conurbação
3553500;Tapiraí;SP;350003;Sorocaba;3502;Sorocaba;;;754.421;Sem conurbação
3537008;Pedregulho;SP;350033;Franca;3508;Ribeirão Preto;;;712.604;Sem conurbação
3512605;Coronel Macedo;SP;350007;Avaré;3502;Sorocaba;;;303.83;Sem conurbação
3545308;Salto de Pirapora;SP;350003;Sorocaba;3502;Sorocaba;3552205;Sorocaba/SP;280.412;Conurbação
3129301;Iapu;MG;310024;Ipatinga;3105;Ipatinga;;;340.994;Sem conurbação
3137601;Lagoa Santa;MG;310001;Belo Horizonte;3101;Belo Horizonte;3106200;Belo Horizonte/MG;229.741;Conurbação
3170305;Umburatiba;MG;310019;Águas Formosas;3103;Teófilo Otoni;;;405.834;Sem conurbação
3202454;Ibatiba;ES;320008;Alegre;3204;Cachoeiro do Itapemirim;;;240.278;Sem conurbação
3528809;Maracaí;SP;350014;Assis;3504;Marília;;;533.498;Sem conurbação
3300159;Aperibé;RJ;330012;Santo Antônio de Pádua;3304;Campos dos Goytacazes;;;94.542;Sem conurbação
3545407;Salto Grande;SP;350015;Ourinhos;3504;Marília;;;188.441;Sem conurbação
3121100;Delfim Moreira;MG;310052;Itajubá;3109;Pouso Alegre;;;408.473;Sem conurbação
3129400;Ibertioga;MG;310037;Barbacena;3107;Barbacena;;;346.24;Sem conurbação
3162104;São Gotardo;MG;310062;Patos de Minas;3112;Patos de Minas;;;866.087;Sem conurbação
3520608;Indiana;SP;350018;Presidente Prudente;3505;Presidente Prudente;3541406;Presidente Prudente/SP;129.019;Conurbação
3121209;Delfinópolis;MG;310041;Passos;3108;Varginha;;;1378.423;Sem conurbação
3145604;Oliveira;MG;310069;Oliveira;3113;Divinópolis;;;897.294;Sem conurbação
3153905;Raposos;MG;310001;Belo Horizonte;3101;Belo Horizonte;3106200;Belo Horizonte/MG;72.228;Conurbação
3512407;Cordeirópolis;SP;350042;Limeira;3510;Campinas;;;137.678;Sem conurbação
3520707;Indiaporã;SP;350029;Fernandópolis;3507;São José do Rio Preto;;;279.606;Sem conurbação
3137403;Lagoa Dourada;MG;310039;São João del Rei;3107;Barbacena;;;476.693;Sem conurbação
3104452;Aricanduva;MG;310014;Capelinha;3103;Teófilo Otoni;;;243.329;Sem conurbação
3553401;Tanabi;SP;350025;São José do Rio Preto;3507;São José do Rio Preto;;;747.218;Sem conurbação
3528858;Marapoama;SP;350026;Catanduva;3507;São José do Rio Preto;3511102;Catanduva/SP;111.267;Conurbação
3512506;Coroados;SP;350023;Birigui - Penápolis;3506;Araçatuba;3506508;Birigui/SP;246.826;Conurbação
3545209;Salto;SP;350003;Sorocaba;3502;Sorocaba;3523909;Itu - Salto/SP;133.057;Conurbação
3112604;Capinópolis;MG;310060;Ituiutaba;3111;Uberlândia;;;620.716;Sem conurbação
3537404;Pereira Barreto;SP;350024;Andradina;3506;Araçatuba;;;974.248;Sem conurbação
3129202;Heliodora;MG;310050;Pouso Alegre;3109;Pouso Alegre;;;153.95;Sem conurbação
3104403;Argirita;MG;310032;Cataguases;3106;Juíz de Fora;;;159.378;Sem conurbação
3529203;Martinópolis;SP;350018;Presidente Prudente;3505;Presidente Prudente;;;1251.492;Sem conurbação
3121001;Datas;MG;310016;Diamantina;3103;Teófilo Otoni;;;310.099;Sem conurbação
3201803;Divino de São Lourenço;ES;320008;Alegre;3204;Cachoeiro do Itapemirim;;;174.039;Sem conurbação
3545159;Saltinho;SP;350040;Piracicaba;3510;Campinas;3538709;Piracicaba/SP;99.924;Conurbação
3504404;Avanhandava;SP;350023;Birigui - Penápolis;3506;Araçatuba;;;338.37;Sem conurbação
3521002;Iperó;SP;350003;Sorocaba;3502;Sorocaba;;;170.289;Sem conurbação
3512803;Cosmópolis;SP;350038;Campinas;3510;Campinas;3509502;Campinas/SP;151.645;Conurbação
3113008;Caraí;MG;310013;Teófilo Otoni;3103;Teófilo Otoni;;;1242.345;Sem conurbação
3512902;Cosmorama;SP;350027;Votuporanga;3507;São José do Rio Preto;;;441.68;Sem conurbação
3545605;Santa Adélia;SP;350026;Catanduva;3507;São José do Rio Preto;;;330.269;Sem conurbação
3504206;Auriflama;SP;350022;Araçatuba;3506;Araçatuba;;;434.117;Sem conurbação
3104809;Augusto de Lima;MG;310004;Curvelo;3101;Belo Horizonte;;;1254.832;Sem conurbação
3144904;Nova Módica;MG;310013;Teófilo Otoni;3103;Teófilo Otoni;;;375.973;Sem conurbação
3170206;Uberlândia;MG;310059;Uberlândia;3111;Uberlândia;3170206;Uberlândia;4115.206;Conurbação
3201704;Conceição do Castelo;ES;320002;Afonso Cláudio - Venda Nova do Imigrante - Santa Maria de Jetibá;3201;Vitória;;;369.778;Sem conurbação
3504305;Avaí;SP;350009;Bauru;3503;Bauru;;;540.689;Sem conurbação
3300308;Barra do Piraí;RJ;330004;Volta Redonda - Barra Mansa;3302;Volta Redonda - Barra Mansa;;;584.61;Sem conurbação
3162005;São Gonçalo do Sapucaí;MG;310040;Varginha;3108;Varginha;;;516.683;Sem conurbação
3553856;Taquarivaí;SP;350004;Itapeva;3502;Sorocaba;;;231.792;Sem conurbação
3145000;Nova Ponte;MG;310055;Uberaba;3110;Uberaba;;;1111.011;Sem conurbação
3512704;Corumbataí;SP;350046;Rio Claro;3510;Campinas;;;278.622;Sem conurbação
3300407;Barra Mansa;RJ;330004;Volta Redonda - Barra Mansa;3302;Volta Redonda - Barra Mansa;3306305;Volta Redonda - Barra Mansa/RJ;547.133;Conurbação
3153806;Queluzito;MG;310038;Conselheiro Lafaiete;3107;Barbacena;3118304;Conselheiro Lafaiete/MG;153.56;Conurbação
3112802;Capitólio;MG;310049;Piumhi;3108;Varginha;;;521.802;Sem conurbação
3136801;Juramento;MG;310006;Montes Claros;3102;Montes Claros;;;431.63;Sem conurbação
3169505;Tumiritinga;MG;310020;Governador Valadares;3104;Governador Valadares;;;500.073;Sem conurbação
3553807;Taquarituba;SP;350007;Avaré;3502;Sorocaba;;;448.515;Sem conurbação
3104601;Astolfo Dutra;MG;310032;Cataguases;3106;Juíz de Fora;;;158.891;Sem conurbação
3112901;Caputira;MG;310028;Manhuaçu;3106;Juíz de Fora;;;187.704;Sem conurbação
3128600;Guarda-Mor;MG;310062;Patos de Minas;3112;Patos de Minas;;;2068.808;Sem conurbação
3161304;São Francisco de Sales;MG;310058;Iturama;3110;Uberaba;;;1128.864;Sem conurbação
3169604;Tupaciguara;MG;310059;Uberlândia;3111;Uberlândia;;;1822.53;Sem conurbação
3202009;Dores do Rio Preto;ES;320008;Alegre;3204;Cachoeiro do Itapemirim;;;159.298;Sem conurbação
3537305;Penápolis;SP;350023;Birigui - Penápolis;3506;Araçatuba;;;711.315;Sem conurbação
3120409;Cristiano Otoni;MG;310038;Conselheiro Lafaiete;3107;Barbacena;;;132.872;Sem conurbação
3144805;Nova Lima;MG;310001;Belo Horizonte;3101;Belo Horizonte;3106200;Belo Horizonte/MG;430.115;Conurbação
3553658;Taquaral;SP;350032;Barretos;3508;Ribeirão Preto;;;53.892;Sem conurbação
3104700;Ataléia;MG;310013;Teófilo Otoni;3103;Teófilo Otoni;;;1836.933;Sem conurbação
3300225;Areal;RJ;330007;Petrópolis;3303;Petrópolis;3303906;Petrópolis/RJ;110.724;Conurbação
3504602;Bady Bassitt;SP;350025;São José do Rio Preto;3507;São José do Rio Preto;3549805;São José do Rio Preto/SP;110.372;Conurbação
3153103;Presidente Bernardes;MG;310033;Viçosa;3106;Juíz de Fora;;;236.798;Sem conurbação
3161403;São Francisco do Glória;MG;310031;Muriaé;3106;Juíz de Fora;;;164.613;Sem conurbação
3202108;Ecoporanga;ES;320006;Nova Venécia;3203;Colatina;;;2285.361;Sem conurbação
3529104;Marinópolis;SP;350028;Jales;3507;São José do Rio Preto;;;77.827;Sem conurbação
3136603;Nova União;MG;310001;Belo Horizonte;3101;Belo Horizonte;;;172.131;Sem conurbação
3300209;Araruama;RJ;330013;Cabo Frio;3305;Macaé - Rio das Ostras - Cabo Frio;3300209;Araruama/RJ;638.276;Conurbação
3504701;Balbinos;SP;350009;Bauru;3503;Bauru;;;91.635;Sem conurbação
3153202;Presidente Juscelino;MG;310004;Curvelo;3101;Belo Horizonte;;;695.882;Sem conurbação
3520905;Ipaussu;SP;350015;Ourinhos;3504;Marília;;;209.554;Sem conurbação
3553609;Tapiratiba;SP;350047;São José do Rio Pardo - Mococa;3510;Campinas;;;220.518;Sem conurbação
3128402;Guarani;MG;310029;Ubá;3106;Juíz de Fora;;;264.194;Sem conurbação
3536604;Paulo de Faria;SP;350025;São José do Rio Preto;3507;São José do Rio Preto;;;737.986;Sem conurbação
3136702;Juiz de Fora;MG;310027;Juiz de Fora;3106;Juíz de Fora;3136702;Juiz de Fora/MG;1435.749;Conurbação
3169406;Três Pontas;MG;310046;Três Pontas - Boa Esperança;3108;Varginha;;;689.794;Sem conurbação
3553708;Taquaritinga;SP;350036;Araraquara;3509;Araraquara;;;594.335;Sem conurbação
3120201;Cristais;MG;310048;Campo Belo;3108;Varginha;;;628.434;Sem conurbação
3528403;Mairinque;SP;350003;Sorocaba;3502;Sorocaba;3550605;São Roque - Mairinque/SP;210.149;Conurbação
3536703;Pederneiras;SP;350009;Bauru;3503;Bauru;;;727.482;Sem conurbação
3128501;Guarará;MG;310035;São João Nepomuceno - Bicas;3106;Juíz de Fora;;;88.655;Sem conurbação
3161205;São Francisco de Paula;MG;310069;Oliveira;3113;Divinópolis;;;316.822;Sem conurbação
3201902;Domingos Martins;ES;320002;Afonso Cláudio - Venda Nova do Imigrante - Santa Maria de Jetibá;3201;Vitória;;;1229.21;Sem conurbação
3504503;Avaré;SP;350007;Avaré;3502;Sorocaba;;;1213.055;Sem conurbação
3136652;Juatuba;MG;310001;Belo Horizonte;3101;Belo Horizonte;3106200;Belo Horizonte/MG;97.66;Conurbação
3120300;Cristália;MG;310006;Montes Claros;3102;Montes Claros;;;840.702;Sem conurbação
3300258;Arraial do Cabo;RJ;330013;Cabo Frio;3305;Macaé - Rio das Ostras - Cabo Frio;3300704;Cabo Frio/RJ;152.106;Conurbação
3145208;Nova Serrana;MG;310065;Divinópolis;3113;Divinópolis;;;282.472;Sem conurbação
3169356;Três Marias;MG;310004;Curvelo;3101;Belo Horizonte;;;2678.254;Sem conurbação
3545506;Sandovalina;SP;350018;Presidente Prudente;3505;Presidente Prudente;;;455.856;Sem conurbação
3153004;Pratinha;MG;310056;Araxá;3110;Uberaba;;;622.478;Sem conurbação
3520202;Igaratá;SP;350049;São José dos Campos;3511;São José dos Campos;;;293.002;Sem conurbação
3528502;Mairiporã;SP;350001;São Paulo;3501;São Paulo;3550308;São Paulo/SP;320.492;Conurbação
3300233;Armação dos Búzios;RJ;330013;Cabo Frio;3305;Macaé - Rio das Ostras - Cabo Frio;3300704;Cabo Frio/RJ;70.977;Conurbação
3137007;Ladainha;MG;310013;Teófilo Otoni;3103;Teófilo Otoni;;;866.29;Sem conurbação
3520301;Iguape;SP;350005;Registro;3502;Sorocaba;;;1978.329;Sem conurbação
3553005;Taguaí;SP;350007;Avaré;3502;Sorocaba;;;145.332;Sem conurbação
3536505;Paulínia;SP;350038;Campinas;3510;Campinas;3509502;Campinas/SP;138.777;Conurbação
3128808;Guidoval;MG;310029;Ubá;3106;Juíz de Fora;;;158.375;Sem conurbação
3112208;Capela Nova;MG;310038;Conselheiro Lafaiete;3107;Barbacena;;;111.073;Sem conurbação
3512100;Colômbia;SP;350032;Barretos;3508;Ribeirão Preto;;;728.648;Sem conurbação
3544806;Sales;SP;350025;São José do Rio Preto;3507;São José do Rio Preto;;;308.555;Sem conurbação
3112059;Cantagalo;MG;310021;Guanhães;3104;Governador Valadares;;;141.855;Sem conurbação
3528304;Magda;SP;350022;Araçatuba;3506;Araçatuba;;;312.282;Sem conurbação
3120607;Crucilândia;MG;310069;Oliveira;3113;Divinópolis;;;167.164;Sem conurbação
3104007;Araxá;MG;310056;Araxá;3110;Uberaba;;;1164.062;Sem conurbação
3161601;São Geraldo da Piedade;MG;310020;Governador Valadares;3104;Governador Valadares;;;152.336;Sem conurbação
3520103;Igarapava;SP;350035;Ituverava;3508;Ribeirão Preto;;;468.355;Sem conurbação
3120706;Cruzeiro da Fortaleza;MG;310064;Patrocínio;3112;Patos de Minas;;;187.446;Sem conurbação
3536570;Paulistânia;SP;350009;Bauru;3503;Bauru;;;256.178;Sem conurbação
3153400;Presidente Olegário;MG;310062;Patos de Minas;3112;Patos de Minas;;;3503.848;Sem conurbação
3511904;Clementina;SP;350023;Birigui - Penápolis;3506;Araçatuba;;;168.59;Sem conurbação
3136900;Juruaia;MG;310044;Guaxupé;3108;Varginha;;;220.353;Sem conurbação
3145059;Nova Porteirinha;MG;310007;Janaúba;3102;Montes Claros;;;120.944;Sem conurbação
3128709;Guaxupé;MG;310044;Guaxupé;3108;Varginha;;;286.398;Sem conurbação
3112109;Caparaó;MG;310028;Manhuaçu;3106;Juíz de Fora;;;130.694;Sem conurbação
3544707;Sagres;SP;350019;Adamantina - Lucélia;3505;Presidente Prudente;;;147.923;Sem conurbação
3512001;Colina;SP;350032;Barretos;3508;Ribeirão Preto;;;422.303;Sem conurbação
3536901;Pedranópolis;SP;350029;Fernandópolis;3507;São José do Rio Preto;;;260.101;Sem conurbação
3120508;Cristina;MG;310053;São Lourenço;3109;Pouso Alegre;;;311.33;Sem conurbação
3161650;São Geraldo do Baixio;MG;310020;Governador Valadares;3104;Governador Valadares;;;280.954;Sem conurbação
3103900;Araújos;MG;310065;Divinópolis;3113;Divinópolis;;;245.522;Sem conurbação
3528700;Marabá Paulista;SP;350021;Presidente Epitácio-Presidente Venceslau;3505;Presidente Prudente;;;919.519;Sem conurbação
3201308;Cariacica;ES;320001;Vitória;3201;Vitória;3205309;Vitória/ES;279.718;Conurbação
3169802;Turvolândia;MG;310050;Pouso Alegre;3109;Pouso Alegre;;;221.0;Sem conurbação
3136959;Juvenília;MG;310009;Januária;3102;Montes Claros;;;1064.692;Sem conurbação
3520509;Indaiatuba;SP;350038;Campinas;3510;Campinas;3520509;Indaiatuba;311.545;Conurbação
3503901;Arujá;SP;350001;São Paulo;3501;São Paulo;3550308;São Paulo/SP;96.369;Conurbação
3145109;Nova Resende;MG;310044;Guaxupé;3108;Varginha;;;390.152;Sem conurbação
3512308;Conchas;SP;350011;Botucatu;3503;Bauru;;;467.327;Sem conurbação
3112406;Capetinga;MG;310041;Passos;3108;Varginha;;;297.937;Sem conurbação
3552908;Taciba;SP;350018;Presidente Prudente;3505;Presidente Prudente;3541406;Presidente Prudente/SP;606.755;Conurbação
3104205;Arcos;MG;310066;Formiga;3113;Divinópolis;;;509.873;Sem conurbação
3112505;Capim Branco;MG;310002;Sete Lagoas;3101;Belo Horizonte;;;95.333;Sem conurbação
3201100;Bom Jesus do Norte;ES;320008;Alegre;3204;Cachoeiro do Itapemirim;;;89.084;Sem conurbação
3503703;Ariranha;SP;350026;Catanduva;3507;São José do Rio Preto;;;132.624;Sem conurbação
3144409;Natércia;MG;310050;Pouso Alegre;3109;Pouso Alegre;;;188.719;Sem conurbação
3169703;Turmalina;MG;310014;Capelinha;3103;Teófilo Otoni;;;1153.111;Sem conurbação
3104304;Areado;MG;310042;Alfenas;3108;Varginha;;;283.124;Sem conurbação
3201209;Cachoeiro de Itapemirim;ES;320007;Cachoeiro de Itapemirim;3204;Cachoeiro do Itapemirim;3201209;Cachoeiro de Itapemirim;864.583;Conurbação
3136207;João Monlevade;MG;310026;João Monlevade;3105;Ipatinga;;;98.231;Sem conurbação
3144508;Nazareno;MG;310039;São João del Rei;3107;Barbacena;;;341.453;Sem conurbação
3503802;Artur Nogueira;SP;350038;Campinas;3510;Campinas;;;181.786;Sem conurbação
3161502;São Geraldo;MG;310029;Ubá;3106;Juíz de Fora;;;185.578;Sem conurbação
3112307;Capelinha;MG;310014;Capelinha;3103;Teófilo Otoni;;;965.292;Sem conurbação
3201159;Brejetuba;ES;320002;Afonso Cláudio - Venda Nova do Imigrante - Santa Maria de Jetibá;3201;Vitória;;;354.404;Sem conurbação
3136306;João Pinheiro;MG;310062;Patos de Minas;3112;Patos de Minas;;;10727.097;Sem conurbação
3153301;Presidente Kubitschek;MG;310016;Diamantina;3103;Teófilo Otoni;;;189.235;Sem conurbação
3169000;Tocantins;MG;310029;Ubá;3106;Juíz de Fora;;;173.866;Sem conurbação
3104106;Arceburgo;MG;310044;Guaxupé;3108;Varginha;;;162.875;Sem conurbação
3128105;Guapé;MG;310041;Passos;3108;Varginha;;;934.345;Sem conurbação
3553302;Tambaú;SP;350044;São João da Boa Vista;3510;Campinas;;;561.788;Sem conurbação
3160801;São Bento Abade;MG;310045;Três Corações;3108;Varginha;;;80.403;Sem conurbação
3201506;Colatina;ES;320005;Colatina;3203;Colatina;3201506;Colatina;1398.219;Conurbação
3504107;Atibaia;SP;350041;Bragança Paulista;3510;Campinas;3504107;Atibaia/SP;478.52;Conurbação
3536802;Pedra Bela;SP;350041;Bragança Paulista;3510;Campinas;;;158.588;Sem conurbação
3144300;Nanuque;MG;310013;Teófilo Otoni;3103;Teófilo Otoni;;;1518.166;Sem conurbação
3119906;Córrego do Bom Jesus;MG;310050;Pouso Alegre;3109;Pouso Alegre;;;123.651;Sem conurbação
3545100;Salmourão;SP;350019;Adamantina - Lucélia;3505;Presidente Prudente;;;172.934;Sem conurbação
3520442;Ilha Solteira;SP;350024;Andradina;3506;Araçatuba;;;652.641;Sem conurbação
3152600;Pouso Alto;MG;310053;São Lourenço;3109;Pouso Alegre;;;263.034;Sem conurbação
3160900;São Brás do Suaçuí;MG;310038;Conselheiro Lafaiete;3107;Barbacena;3118304;Conselheiro Lafaiete/MG;110.019;Conurbação
3136108;Joanésia;MG;310024;Ipatinga;3105;Ipatinga;;;233.292;Sem conurbação
3201605;Conceição da Barra;ES;320003;São Mateus;3202;São Mateus;;;1182.587;Sem conurbação
3528601;Manduri;SP;350007;Avaré;3502;Sorocaba;;;229.046;Sem conurbação
3520426;Ilha Comprida;SP;350005;Registro;3502;Sorocaba;;;196.567;Sem conurbação
3169059;Tocos do Moji;MG;310050;Pouso Alegre;3109;Pouso Alegre;;;114.705;Sem conurbação
3152709;Prados;MG;310039;São João del Rei;3107;Barbacena;;;264.115;Sem conurbação
3127909;Grupiara;MG;310061;Monte Carmelo;3111;Uberlândia;;;193.141;Sem conurbação
3520400;Ilhabela;SP;350051;Caraguatatuba - Ubatuba - São Sebastião;3511;São José dos Campos;3510500;Caraguatatuba - Ubatuba - São Sebastião/SP;346.389;Conurbação
3536109;Pardinho;SP;350011;Botucatu;3503;Bauru;;;208.223;Sem conurbação
3553104;Taiaçu;SP;350032;Barretos;3508;Ribeirão Preto;;;107.059;Sem conurbação
3144375;Natalândia;MG;310063;Unaí;3112;Patos de Minas;;;468.66;Sem conurbação
3512209;Conchal;SP;350045;Araras;3510;Campinas;;;182.793;Sem conurbação
3144359;Naque;MG;310024;Ipatinga;3105;Ipatinga;3131307;Ipatinga/MG;127.173;Conurbação
3119708;Coronel Xavier Chaves;MG;310039;São João del Rei;3107;Barbacena;3162500;São João del Rei/MG;140.954;Conurbação
3128006;Guanhães;MG;310021;Guanhães;3104;Governador Valadares;;;1075.124;Sem conurbação
3544905;Sales Oliveira;SP;350034;São Joaquim da Barra - Orlândia;3508;Ribeirão Preto;;;305.776;Sem conurbação
3553203;Taiúva;SP;350032;Barretos;3508;Ribeirão Preto;;;132.459;Sem conurbação
3527900;Lutécia;SP;350014;Assis;3504;Marília;;;475.226;Sem conurbação
3201407;Castelo;ES;320007;Cachoeiro de Itapemirim;3204;Cachoeiro do Itapemirim;;;663.515;Sem conurbação
3160702;Santos Dumont;MG;310027;Juiz de Fora;3106;Juíz de Fora;;;637.373;Sem conurbação
3119807;Córrego Danta;MG;310066;Formiga;3113;Divinópolis;;;657.425;Sem conurbação
3519709;Ibiúna;SP;350003;Sorocaba;3502;Sorocaba;;;1058.01;Sem conurbação
3545001;Salesópolis;SP;350001;São Paulo;3501;São Paulo;3550308;São Paulo/SP;424.997;Conurbação
3144706;Nova Era;MG;310026;João Monlevade;3105;Ipatinga;;;361.852;Sem conurbação
3152501;Pouso Alegre;MG;310050;Pouso Alegre;3109;Pouso Alegre;3152501;Pouso Alegre;542.797;Conurbação
3511508;Cerquilho;SP;350003;Sorocaba;3502;Sorocaba;;;127.803;Sem conurbação
3519808;Icém;SP;350025;São José do Rio Preto;3507;São José do Rio Preto;;;362.355;Sem conurbação
3136504;Jordânia;MG;310015;Almenara;3103;Teófilo Otoni;;;546.705;Sem conurbação
3144672;Nova Belém;MG;310022;Mantena;3104;Governador Valadares;;;146.776;Sem conurbação
3552502;Suzano;SP;350001;São Paulo;3501;São Paulo;3550308;São Paulo/SP;206.236;Conurbação
3511607;Cesário Lange;SP;350008;Tatuí;3502;Sorocaba;;;190.392;Sem conurbação
3144656;Ninheira;MG;310008;Salinas;3102;Montes Claros;;;1108.27;Sem conurbação
3536000;Parapuã;SP;350016;Tupã;3504;Marília;;;366.676;Sem conurbação
3128303;Guaranésia;MG;310044;Guaxupé;3108;Varginha;;;294.828;Sem conurbação
3503950;Aspásia;SP;350028;Jales;3507;São José do Rio Preto;;;69.373;Sem conurbação
3111705;Canaã;MG;310033;Viçosa;3106;Juíz de Fora;;;174.9;Sem conurbação
3544301;Roseira;SP;350052;Guaratinguetá;3511;São José dos Campos;3518404;Guaratinguetá/SP;129.847;Conurbação
3527801;Lupércio;SP;350013;Marília;3504;Marília;;;155.171;Sem conurbação
3136579;Josenópolis;MG;310006;Montes Claros;3102;Montes Claros;;;541.393;Sem conurbação
3168903;Tiros;MG;310062;Patos de Minas;3112;Patos de Minas;;;2091.774;Sem conurbação
3103504;Araguari;MG;310059;Uberlândia;3111;Uberlândia;3103504;Araguari;2729.777;Conurbação
3120102;Couto de Magalhães de Minas;MG;310016;Diamantina;3103;Teófilo Otoni;;;485.654;Sem conurbação
3519600;Ibitinga;SP;350036;Araraquara;3509;Araraquara;;;689.391;Sem conurbação
3136553;José Raydan;MG;310021;Guanhães;3104;Governador Valadares;;;180.822;Sem conurbação
3552551;Suzanápolis;SP;350028;Jales;3507;São José do Rio Preto;;;330.587;Sem conurbação
3504008;Assis;SP;350014;Assis;3504;Marília;;;460.609;Sem conurbação
3511409;Cerqueira César;SP;350007;Avaré;3502;Sorocaba;;;511.621;Sem conurbação
3111507;Campos Altos;MG;310056;Araxá;3110;Uberaba;;;710.645;Sem conurbação
3503356;Arco-Íris;SP;350016;Tupã;3504;Marília;;;264.904;Sem conurbação
3161056;São Félix de Minas;MG;310022;Mantena;3104;Governador Valadares;;;162.56;Sem conurbação
3136520;José Gonçalves de Minas;MG;310017;Araçuaí;3103;Teófilo Otoni;;;381.332;Sem conurbação
3103306;Aracitaba;MG;310027;Juiz de Fora;3106;Juíz de Fora;;;106.608;Sem conurbação
3111606;Campos Gerais;MG;310042;Alfenas;3108;Varginha;;;769.504;Sem conurbação
3120151;Crisólita;MG;310019;Águas Formosas;3103;Teófilo Otoni;;;966.202;Sem conurbação
3120003;Córrego Novo;MG;310025;Caratinga;3105;Ipatinga;;;205.385;Sem conurbação
3503307;Araras;SP;350045;Araras;3510;Campinas;3503307;Araras;644.805;Conurbação
3103405;Araçuaí;MG;310017;Araçuaí;3103;Teófilo Otoni;;;2236.279;Sem conurbação
3169307;Três Corações;MG;310045;Três Corações;3108;Varginha;;;828.038;Sem conurbação
3200805;Baixo Guandu;ES;320005;Colatina;3203;Colatina;;;909.039;Sem conurbação
3520004;Igaraçu do Tietê;SP;350010;Jaú;3503;Bauru;;;97.747;Sem conurbação
3503406;Arealva;SP;350009;Bauru;3503;Bauru;;;506.226;Sem conurbação
3161106;São Francisco;MG;310011;São Francisco;3102;Montes Claros;;;3308.1;Sem conurbação
3119955;Córrego Fundo;MG;310066;Formiga;3113;Divinópolis;;;101.112;Sem conurbação
3144607;Nepomuceno;MG;310043;Lavras;3108;Varginha;;;582.553;Sem conurbação
3160959;São Domingos das Dores;MG;310025;Caratinga;3105;Ipatinga;;;60.865;Sem conurbação
3128253;Guaraciama;MG;310006;Montes Claros;3102;Montes Claros;;;390.263;Sem conurbação
3544251;Rosana;SP;350018;Presidente Prudente;3505;Presidente Prudente;;;742.762;Sem conurbação
3152907;Pratápolis;MG;310041;Passos;3108;Varginha;;;215.516;Sem conurbação
3111903;Cana Verde;MG;310043;Lavras;3108;Varginha;;;212.721;Sem conurbação
3136405;Joaquim Felício;MG;310006;Montes Claros;3102;Montes Claros;;;790.935;Sem conurbação
3552403;Sumaré;SP;350038;Campinas;3510;Campinas;3509502;Campinas/SP;153.465;Conurbação
3169109;Toledo;MG;310050;Pouso Alegre;3109;Pouso Alegre;;;136.776;Sem conurbação
3200607;Aracruz;ES;320004;Linhares;3202;São Mateus;;;1420.286;Sem conurbação
3103702;Araponga;MG;310033;Viçosa;3106;Juíz de Fora;;;303.793;Sem conurbação
3112000;Candeias;MG;310048;Campo Belo;3108;Varginha;;;720.512;Sem conurbação
3503208;Araraquara;SP;350036;Araraquara;3509;Araraquara;3503208;Araraquara/SP;1003.626;Conurbação
3128204;Guaraciaba;MG;310030;Ponte Nova;3106;Juíz de Fora;;;348.596;Sem conurbação
3169208;Tombos;MG;310034;Carangola;3106;Juíz de Fora;;;285.124;Sem conurbação
3536406;Paulicéia;SP;350020;Dracena;3505;Presidente Prudente;;;374.091;Sem conurbação
3544202;Riolândia;SP;350027;Votuporanga;3507;São José do Rio Preto;;;631.897;Sem conurbação
3143906;Muriaé;MG;310031;Muriaé;3106;Juíz de Fora;3143906;Muriaé;841.693;Conurbação
3103801;Arapuá;MG;310062;Patos de Minas;3112;Patos de Minas;;;173.894;Sem conurbação
3200706;Atílio Vivácqua;ES;320007;Cachoeiro de Itapemirim;3204;Cachoeiro do Itapemirim;;;232.868;Sem conurbação
3536257;Parisi;SP;350027;Votuporanga;3507;São José do Rio Preto;;;84.737;Sem conurbação
3161007;São Domingos do Prata;MG;310026;João Monlevade;3105;Ipatinga;;;743.768;Sem conurbação
3528205;Macedônia;SP;350029;Fernandópolis;3507;São José do Rio Preto;;;327.567;Sem conurbação
3135704;Jequitibá;MG;310002;Sete Lagoas;3101;Belo Horizonte;;;445.03;Sem conurbação
3144003;Mutum;MG;310028;Manhuaçu;3106;Juíz de Fora;;;1250.823;Sem conurbação
3152808;Prata;MG;310059;Uberlândia;3111;Uberlândia;;;4847.544;Sem conurbação
3111804;Canápolis;MG;310059;Uberlândia;3111;Uberlândia;;;843.599;Sem conurbação
3127503;Gonzaga;MG;310020;Governador Valadares;3104;Governador Valadares;;;209.348;Sem conurbação
3103751;Araporã;MG;310059;Uberlândia;3111;Uberlândia;;;294.354;Sem conurbação
3135803;Jequitinhonha;MG;310015;Almenara;3103;Teófilo Otoni;;;3514.216;Sem conurbação
3168507;Teixeiras;MG;310033;Viçosa;3106;Juíz de Fora;;;166.735;Sem conurbação
3536208;Pariquera-Açu;SP;350005;Registro;3502;Sorocaba;;;359.414;Sem conurbação
3103603;Arantina;MG;310027;Juiz de Fora;3106;Juíz de Fora;;;89.42;Sem conurbação
3552809;Taboão da Serra;SP;350001;São Paulo;3501;São Paulo;3550308;São Paulo/SP;20.371;Conurbação
3152131;Ponto Chique;MG;310010;Pirapora;3102;Montes Claros;;;602.799;Sem conurbação
3127602;Gouveia;MG;310016;Diamantina;3103;Teófilo Otoni;;;866.601;Sem conurbação
3528007;Macatuba;SP;350009;Bauru;3503;Bauru;;;224.514;Sem conurbação
3160306;Santo Antônio do Jacinto;MG;310015;Almenara;3103;Teófilo Otoni;;;503.706;Sem conurbação
3536307;Patrocínio Paulista;SP;350033;Franca;3508;Ribeirão Preto;3516200;Franca/SP;602.848;Conurbação
3143807;Munhoz;MG;310050;Pouso Alegre;3109;Pouso Alegre;;;191.599;Sem conurbação
3201001;Boa Esperança;ES;320003;São Mateus;3202;São Mateus;;;428.717;Sem conurbação
3544608;Sabino;SP;350012;Lins;3503;Bauru;;;305.285;Sem conurbação
3503604;Areiópolis;SP;350011;Botucatu;3503;Bauru;;;85.907;Sem conurbação
3119401;Coronel Fabriciano;MG;310024;Ipatinga;3105;Ipatinga;3131307;Ipatinga/MG;221.881;Conurbação
3152105;Ponte Nova;MG;310030;Ponte Nova;3106;Juíz de Fora;;;470.643;Sem conurbação
3528106;Macaubal;SP;350025;São José do Rio Preto;3507;São José do Rio Preto;;;248.087;Sem conurbação
3135605;Jequitaí;MG;310006;Montes Claros;3102;Montes Claros;;;1268.443;Sem conurbação
3519907;Iepê;SP;350018;Presidente Prudente;3505;Presidente Prudente;;;594.985;Sem conurbação
3127404;Gonçalves;MG;310052;Itajubá;3109;Pouso Alegre;;;187.353;Sem conurbação
3535606;Paraibuna;SP;350049;São José dos Campos;3511;São José dos Campos;;;809.576;Sem conurbação
3552601;Tabapuã;SP;350026;Catanduva;3507;São José do Rio Preto;;;346.692;Sem conurbação
3127388;Goianá;MG;310027;Juiz de Fora;3106;Juíz de Fora;;;152.039;Sem conurbação
3511706;Charqueada;SP;350040;Piracicaba;3510;Campinas;3538709;Piracicaba/SP;175.846;Conurbação
3119203;Coroaci;MG;310020;Governador Valadares;3104;Governador Valadares;;;576.274;Sem conurbação
3152170;Ponto dos Volantes;MG;310013;Teófilo Otoni;3103;Teófilo Otoni;;;1212.413;Sem conurbação
3527405;Lucélia;SP;350019;Adamantina - Lucélia;3505;Presidente Prudente;;;314.81;Sem conurbação
3544400;Rubiácea;SP;350022;Araçatuba;3506;Araçatuba;;;236.484;Sem conurbação
3552700;Tabatinga;SP;350036;Araraquara;3509;Araraquara;;;368.604;Sem conurbação
3127370;Goiabeira;MG;310020;Governador Valadares;3104;Governador Valadares;;;112.443;Sem conurbação
3111150;Campo Azul;MG;310006;Montes Claros;3102;Montes Claros;;;505.914;Sem conurbação
3544509;Rubinéia;SP;350030;Santa Fé do Sul;3507;São José do Rio Preto;;;242.877;Sem conurbação
3519204;Iacri;SP;350016;Tupã;3504;Marília;;;321.948;Sem conurbação
3119302;Coromandel;MG;310064;Patrocínio;3112;Patos de Minas;;;3313.313;Sem conurbação
3152006;Pompéu;MG;310067;Dores do Indaiá;3113;Divinópolis;;;2551.074;Sem conurbação
3511003;Castilho;SP;350024;Andradina;3506;Araçatuba;;;1065.318;Sem conurbação
3543808;Rinópolis;SP;350016;Tupã;3504;Marília;;;358.481;Sem conurbação
3511102;Catanduva;SP;350026;Catanduva;3507;São José do Rio Preto;3511102;Catanduva/SP;291.926;Conurbação
3127800;Grão Mogol;MG;310006;Montes Claros;3102;Montes Claros;;;3885.294;Sem conurbação
3111200;Campo Belo;MG;310048;Campo Belo;3108;Varginha;;;528.225;Sem conurbação
3119609;Coronel Pacheco;MG;310027;Juiz de Fora;3106;Juíz de Fora;;;131.511;Sem conurbação
3168408;Tarumirim;MG;310020;Governador Valadares;3104;Governador Valadares;;;731.753;Sem conurbação
3103009;Antônio Dias;MG;310024;Ipatinga;3105;Ipatinga;;;787.061;Sem conurbação
3519253;Iaras;SP;350007;Avaré;3502;Sorocaba;;;401.381;Sem conurbação
3519105;Iacanga;SP;350009;Bauru;3503;Bauru;;;547.393;Sem conurbação
3160207;Santo Antônio do Itambé;MG;310016;Diamantina;3103;Teófilo Otoni;;;305.737;Sem conurbação
3102852;Angelândia;MG;310014;Capelinha;3103;Teófilo Otoni;;;185.211;Sem conurbação
3200904;Barra de São Francisco;ES;320006;Nova Venécia;3203;Colatina;;;944.521;Sem conurbação
3527256;Lourdes;SP;350023;Birigui - Penápolis;3506;Araçatuba;;;113.808;Sem conurbação
3503505;Areias;SP;350053;Cruzeiro;3511;São José dos Campos;;;303.98;Sem conurbação
3510906;Cássia dos Coqueiros;SP;350031;Ribeirão Preto;3508;Ribeirão Preto;;;191.683;Sem conurbação
3519071;Hortolândia;SP;350038;Campinas;3510;Campinas;3509502;Campinas/SP;62.416;Conurbação
3111002;Campestre;MG;310051;Poços de Caldas;3109;Pouso Alegre;;;577.843;Sem conurbação
3144201;Nacip Raydan;MG;310020;Governador Valadares;3104;Governador Valadares;;;233.493;Sem conurbação
3519055;Holambra;SP;350038;Campinas;3510;Campinas;;;65.337;Sem conurbação
3102803;Andrelândia;MG;310027;Juiz de Fora;3106;Juíz de Fora;;;1005.285;Sem conurbação
3136009;Joaíma;MG;310015;Almenara;3103;Teófilo Otoni;;;1664.19;Sem conurbação
3552007;Silveiras;SP;350053;Cruzeiro;3511;São José dos Campos;;;415.038;Sem conurbação
3111101;Campina Verde;MG;310059;Uberlândia;3111;Uberlândia;;;3650.749;Sem conurbação
3535507;Paraguaçu Paulista;SP;350014;Assis;3504;Marília;;;1001.492;Sem conurbação
3200201;Alegre;ES;320008;Alegre;3204;Cachoeiro do Itapemirim;;;756.86;Sem conurbação
3502804;Araçatuba;SP;350022;Araçatuba;3506;Araçatuba;3502804;Araçatuba;1167.126;Conurbação
3102902;Antônio Carlos;MG;310037;Barbacena;3107;Barbacena;3105608;Barbacena/MG;529.915;Conurbação
3168804;Tiradentes;MG;310039;São João del Rei;3107;Barbacena;3162500;São João del Rei/MG;83.047;Conurbação
3527306;Louveira;SP;350039;Jundiaí;3510;Campinas;3525904;Jundiaí/SP;55.989;Conurbação
3200300;Alfredo Chaves;ES;320001;Vitória;3201;Vitória;;;615.677;Sem conurbação
3502903;Araçoiaba da Serra;SP;350003;Sorocaba;3502;Sorocaba;3552205;Sorocaba/SP;255.305;Conurbação
3160603;Santo Hipólito;MG;310004;Curvelo;3101;Belo Horizonte;;;430.656;Sem conurbação
3111408;Campo Florido;MG;310055;Uberaba;3110;Uberaba;;;1264.245;Sem conurbação
3144102;Muzambinho;MG;310044;Guaxupé;3108;Varginha;;;409.948;Sem conurbação
3511300;Cedral;SP;350025;São José do Rio Preto;3507;São José do Rio Preto;3549805;São José do Rio Preto/SP;197.099;Conurbação
3160454;Santo Antônio do Retiro;MG;310012;Espinosa;3102;Montes Claros;;;796.29;Sem conurbação
3152402;Poté;MG;310013;Teófilo Otoni;3103;Teófilo Otoni;;;625.111;Sem conurbação
3103207;Araçaí;MG;310002;Sete Lagoas;3101;Belo Horizonte;;;187.53;Sem conurbação
3135902;Jesuânia;MG;310053;São Lourenço;3109;Pouso Alegre;;;153.852;Sem conurbação
3551900;Severínia;SP;350032;Barretos;3508;Ribeirão Preto;;;140.46;Sem conurbação
3168606;Teófilo Otoni;MG;310013;Teófilo Otoni;3103;Teófilo Otoni;3168606;Teófilo Otoni;3242.27;Conurbação
3200102;Afonso Cláudio;ES;320002;Afonso Cláudio - Venda Nova do Imigrante - Santa Maria de Jetibá;3201;Vitória;;;941.188;Sem conurbação
3543709;Rincão;SP;350036;Araraquara;3509;Araraquara;3503208;Araraquara/SP;316.639;Conurbação
3502705;Apiaí;SP;350004;Itapeva;3502;Sorocaba;;;974.322;Sem conurbação
3127701;Governador Valadares;MG;310020;Governador Valadares;3104;Governador Valadares;3127701;Governador Valadares;2342.376;Conurbação
3535903;Paranapuã;SP;350028;Jales;3507;São José do Rio Preto;;;140.354;Sem conurbação
3160405;Santo Antônio do Monte;MG;310065;Divinópolis;3113;Divinópolis;;;1125.78;Sem conurbação
3168705;Timóteo;MG;310024;Ipatinga;3105;Ipatinga;3131307;Ipatinga/MG;144.377;Conurbação
3143401;Monte Sião;MG;310050;Pouso Alegre;3109;Pouso Alegre;;;291.594;Sem conurbação
3119500;Coronel Murta;MG;310017;Araçuaí;3103;Teófilo Otoni;;;815.413;Sem conurbação
3135209;Januária;MG;310009;Januária;3102;Montes Claros;;;6661.588;Sem conurbação
3152204;Porteirinha;MG;310007;Janaúba;3102;Montes Claros;;;1749.683;Sem conurbação
3160504;Santo Antônio do Rio Abaixo;MG;310005;Itabira;3101;Belo Horizonte;;;107.269;Sem conurbação
3527702;Luiziânia;SP;350023;Birigui - Penápolis;3506;Araçatuba;;;166.576;Sem conurbação
3127008;Fronteira;MG;310057;Frutal;3110;Uberaba;;;199.987;Sem conurbação
3200169;Água Doce do Norte;ES;320006;Nova Venécia;3203;Colatina;;;473.728;Sem conurbação
3152303;Porto Firme;MG;310033;Viçosa;3106;Juíz de Fora;;;284.777;Sem conurbação
3519501;Ibirarema;SP;350015;Ourinhos;3504;Marília;;;228.23;Sem conurbação
3552205;Sorocaba;SP;350003;Sorocaba;3502;Sorocaba;3552205;Sorocaba/SP;449.872;Conurbação
3168002;Taiobeiras;MG;310008;Salinas;3102;Montes Claros;;;1220.045;Sem conurbação
3103108;Antônio Prado de Minas;MG;310031;Muriaé;3106;Juíz de Fora;;;83.802;Sem conurbação
3535705;Paraíso;SP;350026;Catanduva;3507;São José do Rio Preto;;;155.186;Sem conurbação
3118809;Coração de Jesus;MG;310006;Montes Claros;3102;Montes Claros;;;2225.216;Sem conurbação
3127107;Frutal;MG;310057;Frutal;3110;Uberaba;;;2426.965;Sem conurbação
3502754;Araçariguama;SP;350003;Sorocaba;3502;Sorocaba;;;145.247;Sem conurbação
3200136;Águia Branca;ES;320005;Colatina;3203;Colatina;;;454.448;Sem conurbação
3552304;Sud Mennucci;SP;350024;Andradina;3506;Araçatuba;;;594.543;Sem conurbação
3159803;Santa Vitória;MG;310060;Ituiutaba;3111;Uberlândia;;;2998.364;Sem conurbação
3143450;Montezuma;MG;310012;Espinosa;3102;Montes Claros;;;1130.419;Sem conurbação
3200508;Apiacá;ES;320008;Alegre;3204;Cachoeiro do Itapemirim;;;193.984;Sem conurbação
3527504;Lucianópolis;SP;350009;Bauru;3503;Bauru;;;189.536;Sem conurbação
3535804;Paranapanema;SP;350007;Avaré;3502;Sorocaba;;;1018.724;Sem conurbação
3118908;Cordisburgo;MG;310002;Sete Lagoas;3101;Belo Horizonte;;;823.654;Sem conurbação
3503109;Arandu;SP;350007;Avaré;3502;Sorocaba;;;285.908;Sem conurbação
3143302;Montes Claros;MG;310006;Montes Claros;3102;Montes Claros;3143302;Montes Claros;3589.811;Conurbação
3544103;Rio Grande da Serra;SP;350001;São Paulo;3501;São Paulo;3550308;São Paulo/SP;36.341;Conurbação
3127073;Fruta de Leite;MG;310008;Salinas;3102;Montes Claros;;;762.837;Sem conurbação
3519303;Ibaté;SP;350037;São Carlos;3509;Araraquara;3548906;São Carlos/SP;290.977;Conurbação
3151602;Planura;MG;310057;Frutal;3110;Uberaba;;;317.52;Sem conurbação
3527603;Luís Antônio;SP;350031;Ribeirão Preto;3508;Ribeirão Preto;;;598.257;Sem conurbação
3127057;Fronteira dos Vales;MG;310019;Águas Formosas;3103;Teófilo Otoni;;;320.757;Sem conurbação
3135100;Janaúba;MG;310007;Janaúba;3102;Montes Claros;;;2181.319;Sem conurbação
3168051;Taparuba;MG;310028;Manhuaçu;3106;Juíz de Fora;;;193.082;Sem conurbação
3519402;Ibirá;SP;350025;São José do Rio Preto;3507;São José do Rio Preto;;;268.9;Sem conurbação
3135076;Jampruca;MG;310020;Governador Valadares;3104;Governador Valadares;;;517.095;Sem conurbação
3126901;Frei Inocêncio;MG;310020;Governador Valadares;3104;Governador Valadares;;;469.557;Sem conurbação
3552106;Socorro;SP;350041;Bragança Paulista;3510;Campinas;;;448.894;Sem conurbação
3535101;Palmares Paulista;SP;350026;Catanduva;3507;São José do Rio Preto;;;82.125;Sem conurbação
3111309;Campo do Meio;MG;310042;Alfenas;3108;Varginha;;;275.426;Sem conurbação
3543907;Rio Claro;SP;350046;Rio Claro;3510;Campinas;3543907;Rio Claro/SP;498.403;Conurbação
3511201;Catiguá;SP;350026;Catanduva;3507;São José do Rio Preto;3511102;Catanduva/SP;146.568;Conurbação
3118700;Coqueiral;MG;310046;Três Pontas - Boa Esperança;3108;Varginha;;;296.163;Sem conurbação
3503158;Arapeí;SP;350053;Cruzeiro;3511;São José dos Campos;;;156.479;Sem conurbação
3135050;Jaíba;MG;310007;Janaúba;3102;Montes Claros;;;2635.467;Sem conurbação
3526902;Limeira;SP;350042;Limeira;3510;Campinas;3526902;Limeira/SP;580.577;Conurbação
3544004;Rio das Pedras;SP;350040;Piracicaba;3510;Campinas;3538709;Piracicaba/SP;226.729;Conurbação
3518701;Guarujá;SP;350002;Santos;3501;São Paulo;3548500;Baixada Santista/SP;144.794;Conurbação
3110608;Cambuí;MG;310050;Pouso Alegre;3109;Pouso Alegre;;;244.567;Sem conurbação
3510500;Caraguatatuba;SP;350051;Caraguatatuba - Ubatuba - São Sebastião;3511;São José dos Campos;3510500;Caraguatatuba - Ubatuba - São Sebastião/SP;484.947;Conurbação
3126950;Frei Lagonegro;MG;310021;Guanhães;3104;Governador Valadares;;;167.474;Sem conurbação
3200359;Alto Rio Novo;ES;320005;Colatina;3203;Colatina;;;227.617;Sem conurbação
3102407;Alvorada de Minas;MG;310016;Diamantina;3103;Teófilo Otoni;;;374.008;Sem conurbação
3110707;Cambuquira;MG;310045;Três Corações;3108;Varginha;;;246.38;Sem conurbação
3135456;Jenipapo de Minas;MG;310017;Araçuaí;3103;Teófilo Otoni;;;284.453;Sem conurbação
3119104;Corinto;MG;310004;Curvelo;3101;Belo Horizonte;;;2525.397;Sem conurbação
3167905;Tabuleiro;MG;310029;Ubá;3106;Juíz de Fora;;;211.084;Sem conurbação
3102506;Amparo do Serra;MG;310030;Ponte Nova;3106;Juíz de Fora;;;136.186;Sem conurbação
3306206;Vassouras;RJ;330006;Valença;3302;Volta Redonda - Barra Mansa;;;536.073;Sem conurbação
3159704;Santa Rosa da Serra;MG;310056;Araxá;3110;Uberaba;;;284.334;Sem conurbação
3200409;Anchieta;ES;320001;Vitória;3201;Vitória;;;409.691;Sem conurbação
3543253;Ribeirão Grande;SP;350004;Itapeva;3502;Sorocaba;;;333.363;Sem conurbação
3306305;Volta Redonda;RJ;330004;Volta Redonda - Barra Mansa;3302;Volta Redonda - Barra Mansa;3306305;Volta Redonda - Barra Mansa/RJ;182.105;Conurbação
3110509;Camanducaia;MG;310050;Pouso Alegre;3109;Pouso Alegre;;;528.688;Sem conurbação
3143708;Morro do Pilar;MG;310002;Sete Lagoas;3101;Belo Horizonte;;;477.548;Sem conurbação
3503000;Aramina;SP;350035;Ituverava;3508;Ribeirão Preto;;;202.829;Sem conurbação
3510401;Capivari;SP;350040;Piracicaba;3510;Campinas;;;322.878;Sem conurbação
3151503;Piumhi;MG;310049;Piumhi;3108;Varginha;;;902.468;Sem conurbação
3127354;Glaucilândia;MG;310006;Montes Claros;3102;Montes Claros;;;145.861;Sem conurbação
3127339;Gameleiras;MG;310012;Espinosa;3102;Montes Claros;;;1733.203;Sem conurbação
3102308;Alvinópolis;MG;310030;Ponte Nova;3106;Juíz de Fora;;;599.443;Sem conurbação
3135506;Jequeri;MG;310030;Ponte Nova;3106;Juíz de Fora;;;547.897;Sem conurbação
3551504;Serrana;SP;350031;Ribeirão Preto;3508;Ribeirão Preto;3543402;Ribeirão Preto/SP;126.046;Conurbação
3168200;Tapiraí;MG;310066;Formiga;3113;Divinópolis;;;407.92;Sem conurbação
3135357;Japonvar;MG;310006;Montes Claros;3102;Montes Claros;;;375.181;Sem conurbação
3306107;Valença;RJ;330006;Valença;3302;Volta Redonda - Barra Mansa;;;1300.767;Sem conurbação
3502309;Anhembi;SP;350011;Botucatu;3503;Bauru;;;736.09;Sem conurbação
3535002;Palestina;SP;350025;São José do Rio Preto;3507;São José do Rio Preto;;;697.701;Sem conurbação
3127305;Galiléia;MG;310020;Governador Valadares;3104;Governador Valadares;;;720.303;Sem conurbação
3543303;Ribeirão Pires;SP;350001;São Paulo;3501;São Paulo;3550308;São Paulo/SP;98.972;Conurbação
3160009;Santo Antônio do Aventureiro;MG;310036;Além Paraíba;3106;Juíz de Fora;;;202.032;Sem conurbação
3168309;Taquaraçu de Minas;MG;310001;Belo Horizonte;3101;Belo Horizonte;;;329.287;Sem conurbação
3526803;Lençóis Paulista;SP;350009;Bauru;3503;Bauru;;;809.541;Sem conurbação
3143500;Morada Nova de Minas;MG;310070;Abaeté;3113;Divinópolis;;;2084.275;Sem conurbação
3160108;Santo Antônio do Grama;MG;310030;Ponte Nova;3106;Juíz de Fora;;;130.213;Sem conurbação
3135308;Japaraíba;MG;310065;Divinópolis;3113;Divinópolis;;;172.141;Sem conurbação
3143609;Morro da Garça;MG;310004;Curvelo;3101;Belo Horizonte;;;414.772;Sem conurbação
3518602;Guariba;SP;350031;Ribeirão Preto;3508;Ribeirão Preto;;;270.408;Sem conurbação
3551306;Sebastianópolis do Sul;SP;350027;Votuporanga;3507;São José do Rio Preto;;;167.848;Sem conurbação
3151909;Pocrane;MG;310028;Manhuaçu;3106;Juíz de Fora;;;691.066;Sem conurbação
3110905;Campanha;MG;310045;Três Corações;3108;Varginha;;;335.587;Sem conurbação
3135407;Jeceaba;MG;310038;Conselheiro Lafaiete;3107;Barbacena;3118304;Conselheiro Lafaiete/MG;236.25;Conurbação
3535309;Palmital;SP;350014;Assis;3504;Marília;;;548.407;Sem conurbação
3543238;Ribeirão dos Índios;SP;350018;Presidente Prudente;3505;Presidente Prudente;;;196.467;Sem conurbação
3306156;Varre-Sai;RJ;330011;Itaperuna;3304;Campos dos Goytacazes;;;201.938;Sem conurbação
3551405;Serra Azul;SP;350031;Ribeirão Preto;3508;Ribeirão Preto;3543402;Ribeirão Preto/SP;283.144;Conurbação
3102704;Cachoeira de Pajeú;MG;310018;Pedra Azul;3103;Teófilo Otoni;;;695.672;Sem conurbação
3168101;Tapira;MG;310056;Araxá;3110;Uberaba;;;1179.248;Sem conurbação
3127206;Funilândia;MG;310002;Sete Lagoas;3101;Belo Horizonte;;;199.797;Sem conurbação
3535408;Panorama;SP;350020;Dracena;3505;Presidente Prudente;;;356.05;Sem conurbação
3543204;Ribeirão do Sul;SP;350015;Ourinhos;3504;Marília;;;203.208;Sem conurbação
3142908;Monte Azul;MG;310012;Espinosa;3102;Montes Claros;;;1001.296;Sem conurbação
3502200;Angatuba;SP;350006;Itapetininga;3502;Sorocaba;;;1028.104;Sem conurbação
3159902;Santo Antônio do Amparo;MG;310043;Lavras;3108;Varginha;;;488.885;Sem conurbação
3527207;Lorena;SP;350052;Guaratinguetá;3511;São José dos Campos;;;414.16;Sem conurbação
3119005;Cordislândia;MG;310040;Varginha;3108;Varginha;;;179.543;Sem conurbação
3134707;Jacinto;MG;310015;Almenara;3103;Teófilo Otoni;;;1393.609;Sem conurbação
3151701;Poço Fundo;MG;310042;Alfenas;3108;Varginha;;;474.244;Sem conurbação
3519006;Herculândia;SP;350016;Tupã;3504;Marília;;;364.252;Sem conurbação
3126505;Francisco Badaró;MG;310017;Araçuaí;3103;Teófilo Otoni;;;461.481;Sem conurbação
3151800;Poços de Caldas;MG;310051;Poços de Caldas;3109;Pouso Alegre;3151800;Poços de Caldas;546.958;Conurbação
3551702;Sertãozinho;SP;350031;Ribeirão Preto;3508;Ribeirão Preto;3551702;Sertãozinho;403.089;Conurbação
3510807;Casa Branca;SP;350044;São João da Boa Vista;3510;Campinas;;;864.225;Sem conurbação
3535200;Palmeira d'Oeste;SP;350028;Jales;3507;São José do Rio Preto;;;318.696;Sem conurbação
3118304;Conselheiro Lafaiete;MG;310038;Conselheiro Lafaiete;3107;Barbacena;3118304;Conselheiro Lafaiete/MG;370.246;Conurbação
3543501;Riversul;SP;350004;Itapeva;3502;Sorocaba;;;385.878;Sem conurbação
3551801;Sete Barras;SP;350005;Registro;3502;Sorocaba;;;1062.699;Sem conurbação
3527009;Lindóia;SP;350048;Amparo;3510;Campinas;;;48.321;Sem conurbação
3118403;Conselheiro Pena;MG;310020;Governador Valadares;3104;Governador Valadares;;;1466.367;Sem conurbação
3151107;Pirapetinga;MG;310036;Além Paraíba;3106;Juíz de Fora;;;190.681;Sem conurbação
3543600;Rifaina;SP;350033;Franca;3508;Ribeirão Preto;;;162.508;Sem conurbação
3527108;Lins;SP;350012;Lins;3503;Bauru;;;570.058;Sem conurbação
3518800;Guarulhos;SP;350001;São Paulo;3501;São Paulo;3550308;São Paulo/SP;318.838;Conurbação
3510609;Carapicuíba;SP;350001;São Paulo;3501;São Paulo;3550308;São Paulo/SP;34.234;Conurbação
3518909;Guzolândia;SP;350022;Araçatuba;3506;Araçatuba;;;252.722;Sem conurbação
3126406;Fortuna de Minas;MG;310002;Sete Lagoas;3101;Belo Horizonte;;;198.665;Sem conurbação
3551603;Serra Negra;SP;350048;Amparo;3510;Campinas;;;204.542;Sem conurbação
3159357;Santa Rita de Minas;MG;310025;Caratinga;3105;Ipatinga;;;68.153;Sem conurbação
3510708;Cardoso;SP;350027;Votuporanga;3507;São José do Rio Preto;;;639.248;Sem conurbação
