Ano;SIGLA_UF;CD_MUN;NM_MUN;VAB_Agropecuaria;VAB_Industria;VAB_Servicos;VAB_Adm_Publica;PIB;Setor_Dominante
2021;MG;3100104;Abadia dos Dourados;75110.576;10609.966;43375.457;38585.978;176730.073;Agropecuária
2021;MG;3100203;Abaeté;127033.876;40594.899;220366.054;108966.05;541135.868;Serviços
2021;MG;3100302;Abre Campo;66751.611;14006.53;100226.086;61422.445;262668.33;Serviços
2021;MG;3100401;Acaiaca;3563.593;12306.954;22200.75;23345.463;64892.356;Adm. Pública
2021;MG;3100500;Açucena;21964.548;75035.537;24500.72;41343.003;165795.99;Indústria
2021;MG;3100609;Água Boa;56490.598;7669.372;54780.869;63873.615;192064.905;Adm. Pública
2021;MG;3100708;Água Comprida;154963.363;9949.164;39703.55;20053.535;230005.138;Agropecuária
2021;MG;3100807;Aguanil;33972.85;3193.004;26809.425;27140.709;94598.101;Agropecuária
2021;MG;3100906;Águas Formosas;21207.082;24021.94;128787.557;91588.988;287546.392;Serviços
2021;MG;3101003;Águas Vermelhas;52991.442;8903.823;88300.49;65954.424;236693.731;Serviços
2021;MG;3101102;Aimorés;62403.461;198204.927;218161.917;122602.555;637982.739;Serviços
2021;MG;3101201;Aiuruoca;36086.111;3032.313;51240.177;31536.171;128545.751;Serviços
2021;MG;3101300;Alagoa;12807.848;2783.566;12137.637;17906.919;47699.152;Adm. Pública
2021;MG;3101409;Albertina;18311.194;6168.609;76542.771;20671.727;153934.928;Serviços
2021;MG;3101508;Além Paraíba;13246.91;330854.988;404540.467;163827.62;971558.229;Serviços
2021;MG;3101607;Alfenas;285843.836;507373.258;1759777.462;410535.762;3486906.669;Serviços
2021;MG;3101631;Alfredo Vasconcelos;43650.687;15260.033;44699.541;35289.571;150571.429;Serviços
2021;MG;3101706;Almenara;24789.138;90777.195;311895.684;198865.376;674814.982;Serviços
2021;MG;3101805;Alpercata;9792.563;7803.522;32601.519;37978.255;94681.749;Adm. Pública
2021;MG;3101904;Alpinópolis;159833.334;36181.231;196491.756;92902.535;524181.772;Serviços
2021;MG;3102001;Alterosa;90182.339;15297.871;104311.631;70975.082;296492.03;Serviços
2021;MG;3102050;Alto Caparaó;19090.075;3297.768;36212.581;32909.587;97092.315;Serviços
2021;MG;3102100;Alto Rio Doce;67073.401;6715.097;49574.173;51056.357;180094.627;Agropecuária
2021;MG;3102209;Alvarenga;10161.099;1950.621;15292.977;25180.327;54645.245;Adm. Pública
2021;MG;3102308;Alvinópolis;35148.881;88901.404;104021.355;65962.266;340110.153;Serviços
2021;MG;3102407;Alvorada de Minas;11276.519;1737.672;15044.669;30293.279;64841.285;Adm. Pública
2021;MG;3102506;Amparo do Serra;11817.895;1996.521;15558.458;24245.632;55909.591;Adm. Pública
2021;MG;3102605;Andradas;128329.349;254848.679;463663.128;197465.948;1183259.133;Serviços
2021;MG;3102704;Cachoeira de Pajeú;7112.874;4003.348;57452.326;45896.879;125619.851;Serviços
2021;MG;3102803;Andrelândia;78767.817;16641.992;112872.639;61729.088;292393.578;Serviços
2021;MG;3102852;Angelândia;49166.621;11779.902;35007.24;41755.345;144549.106;Agropecuária
2021;MG;3102902;Antônio Carlos;39127.57;50747.809;71893.218;57047.518;242348.277;Serviços
2021;MG;3103009;Antônio Dias;32326.856;596936.829;179494.039;58827.166;894601.229;Indústria
2021;MG;3103108;Antônio Prado de Minas;4350.345;921.072;7509.987;14979.911;28555.65;Adm. Pública
2021;MG;3103207;Araçaí;11726.002;15465.306;11390.835;17456.668;60662.309;Adm. Pública
2021;MG;3103306;Aracitaba;4674.734;2210.093;8461.212;14931.463;31370.762;Adm. Pública
2021;MG;3103405;Araçuaí;24700.695;53306.157;242994.277;162561.35;519973.761;Serviços
2021;MG;3103504;Araguari;539102.186;1882310.947;2144315.694;597310.126;5836329.304;Serviços
2021;MG;3103603;Arantina;45681.031;4305.877;17762.975;18779.587;88536.227;Agropecuária
2021;MG;3103702;Araponga;47884.889;3935.06;25524.717;41222.985;122267.339;Agropecuária
2021;MG;3103751;Araporã;60753.349;916759.501;196117.228;64994.021;1294623.562;Indústria
2021;MG;3103801;Arapuá;30299.562;43587.937;53981.646;18143.659;172745.24;Serviços
2021;MG;3103900;Araújos;239754.716;45754.006;116649.496;47774.653;474403.537;Agropecuária
2021;MG;3104007;Araxá;190764.578;4272471.185;2704357.583;604091.433;8950199.701;Indústria
2021;MG;3104106;Arceburgo;29866.684;85997.272;120869.619;55719.294;346405.109;Serviços
2021;MG;3104205;Arcos;112414.618;1000376.093;712440.13;199692.05;2345874.338;Indústria
2021;MG;3104304;Areado;57214.292;28287.129;129329.746;72381.903;309330.041;Serviços
2021;MG;3104403;Argirita;6579.867;985.058;12092.866;18517.668;40066.896;Adm. Pública
2021;MG;3104452;Aricanduva;22170.097;1201.179;13605.5;28506.369;67088.495;Adm. Pública
2021;MG;3104502;Arinos;96701.733;11585.508;101995.957;90999.355;318814.801;Serviços
2021;MG;3104601;Astolfo Dutra;24131.594;74116.297;96537.401;71204.226;291865.542;Serviços
2021;MG;3104700;Ataléia;50287.058;23594.954;53861.599;59394.658;198960.488;Adm. Pública
2021;MG;3104809;Augusto de Lima;17997.272;3205.739;33761.268;26924.298;89054.488;Serviços
2021;MG;3104908;Baependi;45768.671;35982.705;178526.824;95020.889;380866.399;Serviços
2021;MG;3105004;Baldim;24132.935;92321.555;39331.635;38912.563;201271.578;Indústria
2021;MG;3105103;Bambuí;245778.343;86400.601;273900.463;109160.853;779906.39;Serviços
2021;MG;3105202;Bandeira;12900.71;2670.67;14218.142;27735.332;59093.101;Adm. Pública
2021;MG;3105301;Bandeira do Sul;7068.165;7846.416;34848.521;30455.308;86571.538;Serviços
2021;MG;3105400;Barão de Cocais;19329.223;1486715.264;595487.991;180131.308;2438852.091;Indústria
2021;MG;3105509;Barão do Monte Alto;12414.992;3565.541;17455.397;27689.343;63070.684;Adm. Pública
2021;MG;3105608;Barbacena;158243.841;588299.877;1713016.584;605835.741;3521229.065;Serviços
2021;MG;3105707;Barra Longa;15598.811;4258.265;26510.016;29077.975;81928.238;Adm. Pública
2021;MG;3105905;Barroso;5469.114;239843.8;178709.876;100830.269;608479.713;Indústria
2021;MG;3106002;Bela Vista de Minas;5728.924;371455.994;124407.987;56236.43;568233.696;Indústria
2021;MG;3106101;Belmiro Braga;15436.305;6261.014;16418.503;20404.126;61557.352;Adm. Pública
2021;MG;3106200;Belo Horizonte;4387.98;16146070.064;63270426.932;12743033.425;105920858.653;Serviços
2021;MG;3106309;Belo Oriente;16550.353;1411066.188;338514.54;145410.954;2089749.896;Indústria
2021;MG;3106408;Belo Vale;30221.271;114665.061;66037.177;59049.942;279867.823;Indústria
2021;MG;3106507;Berilo;7940.344;2904.866;41005.161;55913.392;112833.282;Adm. Pública
2021;MG;3106606;Bertópolis;12086.781;1027.375;13264.041;26155.439;53770.091;Adm. Pública
2021;MG;3106655;Berizal;15011.5;3290.145;14130.711;26362.705;61006.299;Adm. Pública
2021;MG;3106705;Betim;18120.087;14547207.512;10568799.066;2305733.828;33125377.767;Indústria
2021;MG;3106804;Bias Fortes;9902.897;730.463;10424.208;19080.817;41582.589;Adm. Pública
2021;MG;3106903;Bicas;7276.363;28992.22;149119.076;68588.817;277715.129;Serviços
2021;MG;3107000;Biquinhas;23743.555;1888.441;17238.609;18360.58;64472.888;Agropecuária
2021;MG;3107109;Boa Esperança;253236.648;86813.516;435466.53;191404.062;1058479.721;Serviços
2021;MG;3107208;Bocaina de Minas;18011.899;4744.848;25665.037;27870.945;80210.574;Adm. Pública
2021;MG;3107307;Bocaiúva;97988.592;318493.245;407070.711;238283.497;1224913.798;Serviços
2021;MG;3107406;Bom Despacho;205852.764;300936.851;863458.496;239097.479;1814549.771;Serviços
2021;MG;3107505;Bom Jardim de Minas;25773.139;9545.903;46149.528;36216.889;127743.333;Serviços
2021;MG;3107604;Bom Jesus da Penha;84223.382;13587.88;56608.862;25676.668;196073.807;Agropecuária
2021;MG;3107703;Bom Jesus do Amparo;10695.658;4894.318;90161.081;33224.132;160390.079;Serviços
2021;MG;3107802;Bom Jesus do Galho;31963.253;7870.123;57638.889;65511.224;171083.507;Adm. Pública
2021;MG;3107901;Bom Repouso;35441.479;7964.453;54471.311;52598.042;160231.832;Serviços
2021;MG;3108008;Bom Sucesso;85114.337;35757.46;200577.807;79660.073;445214.281;Serviços
2021;MG;3108107;Bonfim;25976.927;17746.322;47355.33;34988.076;135421.514;Serviços
2021;MG;3108206;Bonfinópolis de Minas;308153.543;17675.228;83275.997;33940.444;458898.263;Agropecuária
2021;MG;3108255;Bonito de Minas;12066.777;2495.683;24144.305;58373.951;101045.218;Adm. Pública
2021;MG;3108305;Borda da Mata;25753.741;57542.943;163090.797;92968.662;374715.963;Serviços
2021;MG;3108404;Botelhos;90172.433;21049.391;116047.261;70305.13;325977.531;Serviços
2021;MG;3108503;Botumirim;11420.577;12351.052;16149.358;33021.964;75744.453;Adm. Pública
2021;MG;3108552;Brasilândia de Minas;152849.974;20581.831;130324.53;80083.957;415060.833;Agropecuária
2021;MG;3108602;Brasília de Minas;18527.121;24300.244;151043.109;160688.393;377410.41;Adm. Pública
2021;MG;3108701;Brás Pires;7155.943;1751.144;15082.132;23865.557;50031.931;Adm. Pública
2021;MG;3108800;Braúnas;16829.622;146910.035;17303.037;29555.629;213072.155;Indústria
2021;MG;3108909;Brazópolis;29318.693;13958.469;73671.181;63786.53;198123.272;Serviços
2021;MG;3109006;Brumadinho;31031.82;2875422.352;1035487.597;310555.397;4624729.058;Indústria
2021;MG;3109105;Bueno Brandão;50018.336;8819.45;104549.064;51356.795;240684.045;Serviços
2021;MG;3109204;Buenópolis;56678.331;6805.248;55680.606;52990.324;180714.345;Agropecuária
2021;MG;3109253;Bugre;10169.421;2487.727;11352.954;22121.936;47547.535;Adm. Pública
2021;MG;3109303;Buritis;625333.434;69489.667;283058.697;131625.362;1163750.487;Agropecuária
2021;MG;3109402;Buritizeiro;347004.53;24823.449;178882.634;144488.123;735993.917;Agropecuária
2021;MG;3109451;Cabeceira Grande;225232.058;130285.322;62552.876;48162.292;477331.539;Agropecuária
2021;MG;3109501;Cabo Verde;102849.794;21573.367;85770.609;65700.465;290817.45;Agropecuária
2021;MG;3109600;Cachoeira da Prata;2452.27;3524.442;20677.181;21531.305;51886.001;Adm. Pública
2021;MG;3109709;Cachoeira de Minas;46309.001;252817.06;117850.04;58041.822;536511.93;Indústria
2021;MG;3109808;Cachoeira Dourada;67604.068;4096.368;25181.597;30774.634;131487.17;Agropecuária
2021;MG;3109907;Caetanópolis;34268.433;89381.341;103505.93;59323.035;315208.237;Serviços
2021;MG;3110004;Caeté;28647.39;288272.681;457283.934;212203.595;1074947.112;Serviços
2021;MG;3110103;Caiana;28005.176;3063.193;24721.646;28688.442;88660.684;Adm. Pública
2021;MG;3110202;Cajuri;17232.604;19175.252;27774.822;24144.484;97287.292;Serviços
2021;MG;3110301;Caldas;70050.617;52566.544;121056.479;68526.1;337630.432;Serviços
2021;MG;3110400;Camacho;33931.869;2596.695;14281.297;18152.91;70858.411;Agropecuária
2021;MG;3110509;Camanducaia;18711.018;311300.123;380153.222;116115.071;987747.099;Serviços
2021;MG;3110608;Cambuí;37785.401;723524.136;597713.335;145938.704;1864549.399;Indústria
2021;MG;3110707;Cambuquira;177702.841;12646.34;105640.007;60222.948;370830.035;Agropecuária
2021;MG;3110806;Campanário;6982.226;1858.495;18931.903;23141.669;53457.815;Adm. Pública
2021;MG;3110905;Campanha;89039.904;41508.836;187157.956;80427.548;439921.353;Serviços
2021;MG;3111002;Campestre;144884.383;24462.072;182490.982;101379.47;486409.555;Serviços
2021;MG;3111101;Campina Verde;176587.522;31233.238;196153.127;96570.669;536761.379;Serviços
2021;MG;3111150;Campo Azul;5503.989;1196.604;9901.739;22831.281;40651.172;Adm. Pública
2021;MG;3111200;Campo Belo;83676.67;172027.431;597180.737;263549.18;1242918.006;Serviços
2021;MG;3111309;Campo do Meio;68689.894;9918.854;78444.917;60604.755;231123.873;Serviços
2021;MG;3111408;Campo Florido;316157.202;126995.301;159104.935;52504.659;710761.859;Agropecuária
2021;MG;3111507;Campos Altos;161757.97;15884.169;146887.417;78850.73;434229.067;Agropecuária
2021;MG;3111606;Campos Gerais;272058.254;32998.192;232207.928;130321.821;704524.7;Agropecuária
2021;MG;3111705;Canaã;30614.632;2229.784;15746.309;26306.953;77436.816;Agropecuária
2021;MG;3111804;Canápolis;203270.458;176479.708;160607.541;60186.179;677858.345;Agropecuária
2021;MG;3111903;Cana Verde;16528.229;4023.717;25763.171;29549.188;80057.324;Adm. Pública
2021;MG;3112000;Candeias;111262.081;38950.969;123596.246;71962.375;371166.103;Serviços
2021;MG;3112059;Cantagalo;10127.733;5994.49;13391.478;25368.687;56752.368;Adm. Pública
2021;MG;3112109;Caparaó;31825.889;3496.798;30137.345;26722.382;97643.19;Agropecuária
2021;MG;3112208;Capela Nova;9941.526;2034.823;21289.41;26072.509;62458.118;Adm. Pública
2021;MG;3112307;Capelinha;178060.367;92507.999;362086.373;177523.951;887590.26;Serviços
2021;MG;3112406;Capetinga;90840.931;15335.143;53391.154;36350.212;207247.831;Agropecuária
2021;MG;3112505;Capim Branco;3774.489;19507.669;48783.835;43607.816;123368.567;Serviços
2021;MG;3112604;Capinópolis;279994.257;51279.868;206932.359;81236.396;666436.501;Agropecuária
2021;MG;3112653;Capitão Andrade;8380.581;3338.592;16602.485;30412.844;60791.774;Adm. Pública
2021;MG;3112703;Capitão Enéas;34685.264;239445.026;108565.212;74979.688;501415.48;Indústria
2021;MG;3112802;Capitólio;48235.768;25816.248;166821.008;53770.136;328593.834;Serviços
2021;MG;3112901;Caputira;50931.428;5062.201;35861.499;45107.414;143709.109;Agropecuária
2021;MG;3113008;Caraí;22223.454;22098.152;51314.401;103732.462;210367.062;Adm. Pública
2021;MG;3113107;Caranaíba;9041.347;1261.878;9489.772;20710.765;41464.6;Adm. Pública
2021;MG;3113206;Carandaí;134522.672;173881.191;231825.599;127095.458;751464.877;Serviços
2021;MG;3113305;Carangola;42749.474;64493.459;336033.016;155698.845;639119.4;Serviços
2021;MG;3113404;Caratinga;104000.531;296532.34;1186097.187;421633.425;2283105.29;Serviços
2021;MG;3113503;Carbonita;102942.077;9269.749;54080.059;44846.58;220651.953;Agropecuária
2021;MG;3113602;Careaçu;29068.986;9929.709;81613.19;34981.769;174237.688;Serviços
2021;MG;3113701;Carlos Chagas;96101.691;79357.204;156400.431;99217.14;474668.638;Serviços
2021;MG;3113800;Carmésia;7740.779;741.394;11234.337;18622.545;39784.623;Adm. Pública
2021;MG;3113909;Carmo da Cachoeira;131351.205;16448.983;93962.139;63987.859;321614.48;Agropecuária
2021;MG;3114006;Carmo da Mata;28206.188;70658.254;80345.598;58352.81;265586.209;Serviços
2021;MG;3114105;Carmo de Minas;65775.67;9721.433;113443.415;74986.251;290552.709;Serviços
2021;MG;3114204;Carmo do Cajuru;84364.293;133000.421;213543.969;120319.445;627198.732;Serviços
2021;MG;3114303;Carmo do Paranaíba;268998.802;115656.542;412065.703;160570.439;1060015.283;Serviços
2021;MG;3114402;Carmo do Rio Claro;239318.224;96409.622;213444.583;102746.939;694496.823;Agropecuária
2021;MG;3114501;Carmópolis de Minas;46689.361;78527.333;185391.555;100944.635;461514.728;Serviços
2021;MG;3114550;Carneirinho;145993.566;64168.523;101791.717;66442.083;406710.011;Agropecuária
2021;MG;3114600;Carrancas;101935.699;6057.64;38559.758;24295.605;177635.925;Agropecuária
2021;MG;3114709;Carvalhópolis;27209.186;3843.624;16305.316;21744.144;71383.976;Agropecuária
2021;MG;3114808;Carvalhos;23841.093;4493.927;23305.223;24719.404;80681.819;Adm. Pública
2021;MG;3114907;Casa Grande;37939.696;1750.519;11960.402;16278.376;69227.776;Agropecuária
2021;MG;3115003;Cascalho Rico;35711.081;2843.66;16354.339;22686.734;79984.125;Agropecuária
2021;MG;3115102;Cássia;108634.81;26671.041;174014.19;95578.322;436340.926;Serviços
2021;MG;3115201;Conceição da Barra de Minas;26902.269;2320.768;15065.383;22222.446;68717.423;Agropecuária
2021;MG;3115300;Cataguases;18175.748;308926.001;742839.833;339664.667;1650830.841;Serviços
2021;MG;3115359;Catas Altas;7502.002;4069095.452;874596.042;41799.95;5032326.985;Indústria
2021;MG;3115409;Catas Altas da Noruega;7976.485;1561.76;10231.243;19634.837;40784.593;Adm. Pública
2021;MG;3115458;Catuji;5941.277;1973.977;32998.783;36113.22;83308.243;Adm. Pública
2021;MG;3115474;Catuti;8850.972;2102.864;14254.245;29902.574;56837.881;Adm. Pública
2021;MG;3115508;Caxambu;4114.692;26170.004;210935.791;102847.147;371251.642;Serviços
2021;MG;3115607;Cedro do Abaeté;4871.435;768.933;5408.999;10687.128;22396.128;Adm. Pública
2021;MG;3115706;Central de Minas;7154.954;3502.731;36061.379;34462.449;87042.746;Serviços
2021;MG;3115805;Centralina;112549.865;13009.926;145931.419;50200.34;351125.237;Serviços
2021;MG;3115904;Chácara;5965.613;2792.578;15890.277;20703.233;47144.785;Adm. Pública
2021;MG;3116001;Chalé;24671.602;20141.476;32967.276;29456.608;114190.871;Serviços
2021;MG;3116100;Chapada do Norte;9747.358;2798.551;28007.703;67398.157;111106.167;Adm. Pública
2021;MG;3116159;Chapada Gaúcha;167954.306;12310.249;119277.55;71358.422;403132.561;Agropecuária
2021;MG;3116209;Chiador;5728.675;1219.895;11501.668;17371.927;37246.518;Adm. Pública
2021;MG;3116308;Cipotânea;9276.877;4925.841;23672.516;32354.955;73286.98;Adm. Pública
2021;MG;3116407;Claraval;40499.048;52485.658;44195.448;27345.802;181971.492;Indústria
2021;MG;3116506;Claro dos Poções;16941.823;3968.339;21610.689;37788.255;83711.607;Adm. Pública
2021;MG;3116605;Cláudio;63594.446;344830.648;397074.35;142788.71;1117593.155;Serviços
2021;MG;3116704;Coimbra;30316.332;9817.797;51562.858;35801.435;139786.795;Serviços
2021;MG;3116803;Coluna;19687.388;5164.635;45747.556;41676.418;121199.153;Serviços
2021;MG;3116902;Comendador Gomes;91934.066;5376.9;27966.132;22891.74;154777.439;Agropecuária
2021;MG;3117009;Comercinho;6389.46;2185.374;20096.449;36711.611;68103.583;Adm. Pública
2021;MG;3117108;Conceição da Aparecida;106234.989;11048.721;88947.559;51505.719;274187.309;Agropecuária
2021;MG;3117207;Conceição das Pedras;23760.534;2036.71;15332.758;17632.359;61046.91;Agropecuária
2021;MG;3117306;Conceição das Alagoas;415017.269;208096.323;425582.154;143709.033;1318008.968;Serviços
2021;MG;3117405;Conceição de Ipanema;21268.578;19791.228;12935.407;25230.824;81006.463;Adm. Pública
2021;MG;3117504;Conceição do Mato Dentro;21947.374;7129218.984;1669366.47;139581.257;9050952.928;Indústria
2021;MG;3117603;Conceição do Pará;23387.055;285849.412;108489.489;36038.729;493948.377;Indústria
2021;MG;3117702;Conceição do Rio Verde;140658.35;17578.217;106290.3;62912.794;343556.228;Agropecuária
2021;MG;3117801;Conceição dos Ouros;11345.178;55826.079;77972.359;55436.435;224989.825;Serviços
2021;MG;3117836;Cônego Marinho;5853.874;1520.652;15136.001;39378.316;63477.594;Adm. Pública
2021;MG;3117876;Confins;387.016;38059.236;334716.102;50324.921;485672.189;Serviços
2021;MG;3117900;Congonhal;18052.251;22203.509;98212.968;59284.133;220463.772;Serviços
2021;MG;3118007;Congonhas;3825.322;5068164.234;1535347.456;413530.806;7677447.326;Indústria
2021;MG;3118106;Congonhas do Norte;5423.29;1370.542;15021.516;25380.974;49287.97;Adm. Pública
2021;MG;3118205;Conquista;158527.457;179927.081;85273.468;45563.479;490051.082;Indústria
2021;MG;3118304;Conselheiro Lafaiete;21354.446;641933.792;1555477.435;619394.042;3117736.194;Serviços
2021;MG;3118403;Conselheiro Pena;62904.029;20427.297;157850.581;117795.605;383757.235;Serviços
2021;MG;3118502;Consolação;9810.677;783.109;6962.736;12458.452;31441.493;Adm. Pública
2021;MG;3118601;Contagem;3052.747;9128034.834;17512659.222;2984614.419;36478510.812;Serviços
2021;MG;3118700;Coqueiral;98529.841;8097.671;70352.335;44987.9;234159.016;Agropecuária
2021;MG;3118809;Coração de Jesus;47025.978;12304.227;77463.756;120524.082;272831.598;Adm. Pública
2021;MG;3118908;Cordisburgo;41492.996;12070.761;44486.136;39498.309;146188.136;Serviços
2021;MG;3119005;Cordislândia;57601.668;9490.112;21813.26;20503.395;113743.073;Agropecuária
2021;MG;3119104;Corinto;62455.655;208676.538;177180.793;113056.813;608967.047;Indústria
2021;MG;3119203;Coroaci;20282.566;13046.513;36100.64;52547.393;125595.771;Adm. Pública
2021;MG;3119302;Coromandel;709975.262;127828.425;450088.392;145686.099;1535202.818;Agropecuária
2021;MG;3119401;Coronel Fabriciano;4186.646;182863.32;1107898.952;498339.715;1995524.656;Serviços
2021;MG;3119500;Coronel Murta;8369.803;21634.466;31867.415;53953.019;119826.419;Adm. Pública
2021;MG;3119609;Coronel Pacheco;13597.907;2486.619;20529.73;19829.28;60101.018;Serviços
2021;MG;3119708;Coronel Xavier Chaves;28174.585;14852.88;21275.612;20825.096;90931.942;Agropecuária
2021;MG;3119807;Córrego Danta;37657.062;5350.1;81982.64;19902.475;165719.08;Serviços
2021;MG;3119906;Córrego do Bom Jesus;6999.061;1739.464;14763.664;20409.363;45602.563;Adm. Pública
2021;MG;3119955;Córrego Fundo;20935.355;151260.755;69671.344;35957.391;320483.227;Indústria
2021;MG;3120003;Córrego Novo;6586.302;3114.107;9845.523;17862.431;38520.81;Adm. Pública
2021;MG;3120102;Couto de Magalhães de Minas;7369.235;1953.329;23600.745;25228.888;63266.102;Adm. Pública
2021;MG;3120151;Crisólita;24758.04;1447.323;13640.023;34915.749;76402.74;Adm. Pública
2021;MG;3120201;Cristais;105734.216;14686.8;90761.911;67645.151;295629.763;Agropecuária
2021;MG;3120300;Cristália;7702.865;2049.394;14864.773;32511.258;59160.155;Adm. Pública
2021;MG;3120409;Cristiano Otoni;33701.262;12540.703;38444.731;30764.501;123677.587;Serviços
2021;MG;3120508;Cristina;59544.347;47014.643;63267.897;50370.735;233176.654;Serviços
2021;MG;3120607;Crucilândia;14633.208;8536.354;26438.27;28850.688;83063.591;Adm. Pública
2021;MG;3120706;Cruzeiro da Fortaleza;103808.957;8074.222;39326.235;24979.731;184033.369;Agropecuária
2021;MG;3120805;Cruzília;64922.972;27782.018;125266.728;79693.843;317648.567;Serviços
2021;MG;3120839;Cuparaque;12701.223;3699.999;24968.536;28459.257;74036.886;Adm. Pública
2021;MG;3120870;Curral de Dentro;10329.345;4652.813;22117.166;39993.202;80420.022;Adm. Pública
2021;MG;3120904;Curvelo;224572.218;433029.456;980234.79;365026.241;2228065.903;Serviços
2021;MG;3121001;Datas;16493.762;2907.384;21343.562;30030.118;73978.2;Adm. Pública
2021;MG;3121100;Delfim Moreira;29905.008;16138.386;33951.698;39490.722;125697.353;Adm. Pública
2021;MG;3121209;Delfinópolis;112478.947;10266.916;65563.868;48058.802;247288.997;Agropecuária
2021;MG;3121258;Delta;24286.148;169661.051;141423.708;62424.965;466554.697;Indústria
2021;MG;3121308;Descoberto;8993.139;17808.71;22637.352;26682.298;81649.305;Adm. Pública
2021;MG;3121407;Desterro de Entre Rios;31096.918;108464.777;67991.414;37894.778;261189.174;Indústria
2021;MG;3121506;Desterro do Melo;14227.404;2036.041;12605.19;20075.991;50610.46;Adm. Pública
2021;MG;3121605;Diamantina;64944.702;100763.264;522256.564;220330.389;984231.313;Serviços
2021;MG;3121704;Diogo de Vasconcelos;5609.8;1050.614;12599.768;21553.533;42932.392;Adm. Pública
2021;MG;3121803;Dionísio;18141.636;4822.664;27556.61;37372.823;90864.556;Adm. Pública
2021;MG;3121902;Divinésia;8388.171;7106.798;21313.202;23110.722;63670.837;Adm. Pública
2021;MG;3122009;Divino;58633.998;14762.737;133844.708;87332.582;319452.715;Serviços
2021;MG;3122108;Divino das Laranjeiras;8552.725;2548.076;20062.291;27575.026;61679.62;Adm. Pública
2021;MG;3122207;Divinolândia de Minas;12790.935;1707.256;26564.333;37719.123;82271.854;Adm. Pública
2021;MG;3122306;Divinópolis;109939.818;2214343.474;3802888.144;1088599.643;8328419.738;Serviços
2021;MG;3122355;Divisa Alegre;2845.721;35775.735;72726.648;39502.817;178201.595;Serviços
2021;MG;3122405;Divisa Nova;50118.424;5259.654;38742.245;29775.377;129920.755;Agropecuária
2021;MG;3122454;Divisópolis;11999.446;3363.171;23701.296;51534.953;93183.437;Adm. Pública
2021;MG;3122470;Dom Bosco;24978.91;2173.593;17886.787;20296.102;69488.079;Agropecuária
2021;MG;3122504;Dom Cavati;2305.13;3760.854;30900.232;28581.707;69617.629;Serviços
2021;MG;3122603;Dom Joaquim;8537.988;9524.818;21256.31;25486.568;67800.082;Adm. Pública
2021;MG;3122702;Dom Silvério;7669.9;18276.411;42455.294;27559.44;108260.435;Serviços
2021;MG;3122801;Dom Viçoso;8851.287;865.796;10413.921;17902.087;39045.971;Adm. Pública
2021;MG;3122900;Dona Euzébia;31826.718;5455.049;32871.664;34343.069;109853.981;Adm. Pública
2021;MG;3123007;Dores de Campos;6287.261;132146.83;80632.832;49941.273;320072.006;Indústria
2021;MG;3123106;Dores de Guanhães;10060.014;111012.661;31360.552;29355.427;190688.686;Indústria
2021;MG;3123205;Dores do Indaiá;56003.237;36418.768;157746.48;65275.603;352243.163;Serviços
2021;MG;3123304;Dores do Turvo;19967.837;2189.238;18801.288;23288.382;67068.986;Adm. Pública
2021;MG;3123403;Doresópolis;13217.269;32899.48;14729.483;14595.642;84085.291;Indústria
2021;MG;3123502;Douradoquara;28396.134;12364.157;16337.362;17425.507;79306.236;Agropecuária
2021;MG;3123528;Durandé;40049.592;4395.848;35665.596;36323.631;122872.75;Agropecuária
2021;MG;3123601;Elói Mendes;143199.625;104156.751;247562.644;132967.972;705287.929;Serviços
2021;MG;3123700;Engenheiro Caldas;15036.109;6272.295;63876.059;60720.848;157011.752;Serviços
2021;MG;3123809;Engenheiro Navarro;13876.897;4152.898;28291.12;38743.079;92057.378;Adm. Pública
2021;MG;3123858;Entre Folhas;5264.704;2992.336;23327.667;30105.234;64894.89;Adm. Pública
2021;MG;3123908;Entre Rios de Minas;35763.663;23111.5;115702.45;74303.47;270169.703;Serviços
2021;MG;3124005;Ervália;138568.552;21210.646;134957.048;94087.14;409382.613;Agropecuária
2021;MG;3124104;Esmeraldas;49666.806;94673.351;425556.792;328050.002;973278.234;Serviços
2021;MG;3124203;Espera Feliz;60691.758;19986.493;181545.062;117513.661;411015.827;Serviços
2021;MG;3124302;Espinosa;18565.509;31371.232;139835.187;147316.088;364023.403;Adm. Pública
2021;MG;3124401;Espírito Santo do Dourado;28825.552;18540.768;37162.009;26388.417;122219.331;Serviços
2021;MG;3124500;Estiva;78906.745;199724.978;196804.273;54826.316;601828.708;Indústria
2021;MG;3124609;Estrela Dalva;10642.466;1538.366;12553.887;16527.696;42891.357;Adm. Pública
2021;MG;3124708;Estrela do Indaiá;102756.328;5758.226;30964.237;21028.302;165337.982;Agropecuária
2021;MG;3124807;Estrela do Sul;184656.199;45396.673;61553.22;44504.268;351210.713;Agropecuária
2021;MG;3124906;Eugenópolis;48701.543;32092.307;72546.021;53770.771;221740.94;Serviços
2021;MG;3125002;Ewbank da Câmara;4012.745;4959.418;18888.285;22684.443;54345.122;Adm. Pública
2021;MG;3125101;Extrema;11357.222;2418815.272;6469966.824;302984.858;13653880.394;Serviços
2021;MG;3125200;Fama;20908.699;3168.93;17106.351;15854.243;58616.647;Agropecuária
2021;MG;3125309;Faria Lemos;24145.737;5250.296;13589.575;19035.837;64355.137;Agropecuária
2021;MG;3125408;Felício dos Santos;21635.649;1865.489;19911.864;27608.991;73737.51;Adm. Pública
2021;MG;3125507;São Gonçalo do Rio Preto;8621.1;2879.777;14036.002;20965.839;48741.79;Adm. Pública
2021;MG;3125606;Felisburgo;9273.228;1370.906;23249.812;39338.831;75698.782;Adm. Pública
2021;MG;3125705;Felixlândia;66003.439;9319.129;99953.108;81220.226;281135.599;Serviços
2021;MG;3125804;Fernandes Tourinho;6668.027;1666.659;13784.107;21775.78;45852.472;Adm. Pública
2021;MG;3125903;Ferros;29183.484;5438.661;57187.576;46652.892;147934.904;Serviços
2021;MG;3125952;Fervedouro;45368.31;5556.346;46172.537;52230.347;156871.962;Adm. Pública
2021;MG;3126000;Florestal;16937.577;13307.387;60932.853;39737.934;142774.991;Serviços
2021;MG;3126109;Formiga;258239.996;352434.092;1055898.158;327638.644;2212488.597;Serviços
2021;MG;3126208;Formoso;156601.286;11619.411;74452.614;52635.442;314877.224;Agropecuária
2021;MG;3126307;Fortaleza de Minas;28624.625;26400.413;24287.187;25731.928;111240.628;Agropecuária
2021;MG;3126406;Fortuna de Minas;11100.571;3801.649;14350.537;19988.21;51258.553;Adm. Pública
2021;MG;3126505;Francisco Badaró;6873.006;1307.55;22315.962;44794.655;77801.215;Adm. Pública
2021;MG;3126604;Francisco Dumont;22578.523;2661.729;16808.867;29570.988;75589.243;Adm. Pública
2021;MG;3126703;Francisco Sá;44167.178;15791.409;214235.46;122379.336;452039.744;Serviços
2021;MG;3126752;Franciscópolis;16439.486;29606.786;21026.885;31038.389;101190.431;Adm. Pública
2021;MG;3126802;Frei Gaspar;23887.096;2450.859;18620.726;32379.315;80089.325;Adm. Pública
2021;MG;3126901;Frei Inocêncio;12081.31;23500.264;58643.043;45352.592;150514.469;Serviços
2021;MG;3126950;Frei Lagonegro;7655.799;605.574;8073.412;18231.94;35557.969;Adm. Pública
2021;MG;3127008;Fronteira;14944.126;667519.205;117626.441;118381.62;935386.424;Indústria
2021;MG;3127057;Fronteira dos Vales;7919.177;829.478;12542.33;26447.337;48923.593;Adm. Pública
2021;MG;3127073;Fruta de Leite;3577.059;1956.618;11413.683;28613.664;47074.935;Adm. Pública
2021;MG;3127107;Frutal;413665.469;358143.91;1007364.148;310607.557;2472972.017;Serviços
2021;MG;3127206;Funilândia;15040.685;11772.903;21972.192;29375.243;83299.85;Adm. Pública
2021;MG;3127305;Galiléia;17937.383;23055.266;33368.807;34611.301;113698.807;Adm. Pública
2021;MG;3127339;Gameleiras;8595.365;1189.06;14402.548;30731.848;57342.391;Adm. Pública
2021;MG;3127354;Glaucilândia;4822.327;4140.426;9656.749;20672.988;41125.695;Adm. Pública
2021;MG;3127370;Goiabeira;6545.291;1377.927;17406.367;21677.377;49897.749;Adm. Pública
2021;MG;3127388;Goianá;4712.534;3262.197;25822.764;24416.47;62242.302;Serviços
2021;MG;3127404;Gonçalves;11314.496;6490.177;42941.117;24950.442;94304.714;Serviços
2021;MG;3127503;Gonzaga;7613.899;3555.766;21518.64;32912.463;68965.001;Adm. Pública
2021;MG;3127602;Gouveia;9034.075;44915.395;71577.365;59375.122;198843.315;Serviços
2021;MG;3127701;Governador Valadares;65862.532;848298.149;4130148.099;1481769.877;7382103.923;Serviços
2021;MG;3127800;Grão Mogol;184815.8;437027.997;56573.9;81710.935;770835.526;Indústria
2021;MG;3127909;Grupiara;12477.119;1529.679;10358.201;18718.74;44192.988;Adm. Pública
2021;MG;3128006;Guanhães;48640.831;229837.297;451476.694;164680.795;996792.245;Serviços
2021;MG;3128105;Guapé;167531.854;14947.179;109738.297;79613.908;390740.979;Agropecuária
2021;MG;3128204;Guaraciaba;21988.44;5991.317;34461.383;48625.512;115210.781;Adm. Pública
2021;MG;3128253;Guaraciama;30401.476;1973.076;14199.15;29253.174;78006.391;Agropecuária
2021;MG;3128303;Guaranésia;41992.478;171371.147;160456.89;95427.553;549497.746;Indústria
2021;MG;3128402;Guarani;22761.505;34235.312;56701.934;43683.838;173382.665;Serviços
2021;MG;3128501;Guarará;5500.26;6785.584;18297.972;23230.777;57624.309;Adm. Pública
2021;MG;3128600;Guarda-Mor;521503.995;32409.58;124374.111;46872.734;750764.846;Agropecuária
2021;MG;3128709;Guaxupé;51222.313;553485.627;1424652.709;254996.034;2806751.376;Serviços
2021;MG;3128808;Guidoval;14081.76;24273.495;39225.603;36896.864;123261.67;Serviços
2021;MG;3128907;Guimarânia;124602.755;79590.515;66832.969;42384.975;327591.513;Agropecuária
2021;MG;3129004;Guiricema;23317.129;8509.397;35549.153;38791.065;114327.227;Adm. Pública
2021;MG;3129103;Gurinhatã;109750.438;4036.466;29838.664;31293.689;180788.045;Agropecuária
2021;MG;3129202;Heliodora;41483.098;5568.025;47605.493;30957.548;133434.54;Serviços
2021;MG;3129301;Iapu;17272.154;29068.115;61727.725;53852.926;176379.627;Serviços
2021;MG;3129400;Ibertioga;41620.57;3505.492;25635.256;29391.34;103540.03;Agropecuária
2021;MG;3129509;Ibiá;479992.761;273327.876;481802.645;133072.413;1534623.779;Serviços
2021;MG;3129608;Ibiaí;34060.457;4731.061;27461.471;42265.234;114948.035;Adm. Pública
2021;MG;3129657;Ibiracatu;3828.998;1689.083;13441.54;30826.537;51252.323;Adm. Pública
2021;MG;3129707;Ibiraci;138202.605;344484.936;137367.148;74326.754;728232.156;Indústria
2021;MG;3129806;Ibirité;2938.069;1180375.745;894575.79;846005.158;3202480.113;Indústria
2021;MG;3129905;Ibitiúra de Minas;26006.213;3964.436;23113.839;20278.072;77622.484;Agropecuária
2021;MG;3130002;Ibituruna;21001.229;2082.154;15259.164;18378.964;59365.491;Agropecuária
2021;MG;3130051;Icaraí de Minas;24440.74;4044.416;24395.745;55172.544;111419.448;Adm. Pública
2021;MG;3130101;Igarapé;88040.239;176874.591;385291.394;223262.25;966978.336;Serviços
2021;MG;3130200;Igaratinga;49856.585;206563.242;176310.348;55046.632;577884.474;Indústria
2021;MG;3130309;Iguatama;131645.366;209144.436;125768.008;37045.2;586931.284;Indústria
2021;MG;3130408;Ijaci;15808.559;273620.605;82616.707;38073.937;494349.183;Indústria
2021;MG;3130507;Ilicínea;90096.307;12022.116;85826.457;62149.627;265457.276;Agropecuária
2021;MG;3130556;Imbé de Minas;38535.054;3330.324;21425.599;35318.558;101195.736;Agropecuária
2021;MG;3130606;Inconfidentes;36173.057;10767.392;39984.173;36818.905;132560.09;Serviços
2021;MG;3130655;Indaiabira;24823.051;7343.249;16252.42;36450.853;87299.551;Adm. Pública
2021;MG;3130705;Indianópolis;255033.681;411412.695;99290.435;49073.514;875623.444;Indústria
2021;MG;3130804;Ingaí;55695.984;13266.174;21370.667;19329.451;115688.894;Agropecuária
2021;MG;3130903;Inhapim;66999.607;20168.834;178550.931;114096.184;404765.944;Serviços
2021;MG;3131000;Inhaúma;22827.382;28988.672;44108.527;37050.142;145760.514;Serviços
2021;MG;3131109;Inimutaba;13001.288;8264.099;27345.459;36333.415;90714.035;Adm. Pública
2021;MG;3131158;Ipaba;1868.701;9320.446;69445.576;89471.174;180272.402;Adm. Pública
2021;MG;3131208;Ipanema;27228.082;32175.774;154290.201;99034.813;344482.084;Serviços
2021;MG;3131307;Ipatinga;3358.034;9194725.071;5139848.316;1302407.61;17607739.764;Indústria
2021;MG;3131406;Ipiaçu;105370.268;8095.739;35663.812;28552.538;183042.644;Agropecuária
2021;MG;3131505;Ipuiúna;36810.467;10289.082;78664.259;48625.657;188546.522;Serviços
2021;MG;3131604;Iraí de Minas;93423.697;49350.326;92322.055;37007.173;301449.639;Agropecuária
2021;MG;3131703;Itabira;24520.366;10408560.785;3474565.121;601371.222;14971550.437;Indústria
2021;MG;3131802;Itabirinha;11006.281;11794.139;53970.73;52402.203;136366.42;Serviços
2021;MG;3131901;Itabirito;8516.846;9350839.4;2818662.335;422544.622;13139281.552;Indústria
2021;MG;3132008;Itacambira;21653.643;999.101;9153.552;28212.041;61709.441;Adm. Pública
2021;MG;3132107;Itacarambi;31303.287;13425.264;73883.969;92757.27;226687.431;Adm. Pública
2021;MG;3132206;Itaguara;31078.474;87517.931;167037.706;69964.263;402203.951;Serviços
2021;MG;3132305;Itaipé;10471.406;2935.033;38095.981;65342.926;121610.639;Adm. Pública
2021;MG;3132404;Itajubá;16018.643;1069961.267;1458480.747;452169.27;3611716.284;Serviços
2021;MG;3132503;Itamarandiba;223822.15;46227.927;181736.947;163286.166;647442.593;Agropecuária
2021;MG;3132602;Itamarati de Minas;16730.781;3335.006;18303.894;25925.807;67305.096;Adm. Pública
2021;MG;3132701;Itambacuri;42929.163;23653.736;141212.149;107633.138;341003.497;Serviços
2021;MG;3132800;Itambé do Mato Dentro;6428.49;760.577;11049.774;15816.424;35862.511;Adm. Pública
2021;MG;3132909;Itamogi;74592.502;8825.702;82840.056;53474.906;236282.895;Serviços
2021;MG;3133006;Itamonte;19960.593;593763.0;290540.31;72644.075;1181670.936;Indústria
2021;MG;3133105;Itanhandu;175470.0;35447.762;153182.014;77925.671;470089.292;Agropecuária
2021;MG;3133204;Itanhomi;17312.22;9877.371;57758.536;59887.443;151255.998;Adm. Pública
2021;MG;3133303;Itaobim;8640.798;15744.541;154032.853;102688.855;308689.765;Serviços
2021;MG;3133402;Itapagipe;158473.125;85924.845;142754.943;79549.463;514170.0;Agropecuária
2021;MG;3133501;Itapecerica;90091.163;168657.825;209718.607;100949.622;628984.71;Serviços
2021;MG;3133600;Itapeva;11335.001;38582.444;551966.933;54357.922;849148.449;Serviços
2021;MG;3133709;Itatiaiuçu;34263.73;5451781.517;1247245.458;79177.089;6934361.709;Indústria
2021;MG;3133758;Itaú de Minas;26986.053;349621.361;172414.014;87701.776;724062.181;Indústria
2021;MG;3133808;Itaúna;43730.793;2165844.882;1536307.956;461406.601;5082301.98;Indústria
2021;MG;3133907;Itaverava;11330.333;6040.156;20429.438;30217.754;71363.054;Adm. Pública
2021;MG;3134004;Itinga;14207.474;18519.815;39952.843;66791.391;148251.202;Adm. Pública
2021;MG;3134103;Itueta;27188.906;5184.873;42122.899;34945.04;122237.522;Serviços
2021;MG;3134202;Ituiutaba;400381.968;762865.192;1644494.753;508477.529;3797167.358;Serviços
2021;MG;3134301;Itumirim;30313.354;3633.422;23419.25;31408.488;91595.651;Adm. Pública
2021;MG;3134400;Iturama;163572.895;791645.772;660404.728;206578.204;2016961.901;Indústria
2021;MG;3134509;Itutinga;55592.711;53471.56;33973.399;23248.883;172517.553;Agropecuária
2021;MG;3134608;Jaboticatubas;19438.839;16554.503;144647.563;96883.31;297804.467;Serviços
2021;MG;3134707;Jacinto;17445.946;6488.264;43000.655;59966.212;131533.509;Adm. Pública
2021;MG;3134806;Jacuí;52167.531;6092.26;46892.033;38514.866;150927.788;Agropecuária
2021;MG;3134905;Jacutinga;45067.716;340740.492;394493.029;138443.157;1143674.23;Serviços
2021;MG;3135001;Jaguaraçu;2990.39;33389.834;39728.241;20523.506;109803.214;Serviços
2021;MG;3135050;Jaíba;208983.103;147074.855;230800.386;188394.868;849077.896;Serviços
2021;MG;3135076;Jampruca;30171.757;5190.581;16636.74;28119.167;82525.666;Agropecuária
2021;MG;3135100;Janaúba;60175.478;316302.191;690152.402;352483.227;1603604.651;Serviços
2021;MG;3135209;Januária;54588.202;36249.597;376166.272;295473.443;824553.286;Serviços
2021;MG;3135308;Japaraíba;36438.763;5126.707;28490.265;26213.679;101344.906;Agropecuária
2021;MG;3135357;Japonvar;5882.751;3167.007;24514.902;40264.622;77418.326;Adm. Pública
2021;MG;3135407;Jeceaba;10476.505;1315048.34;293404.358;60195.334;1952716.357;Indústria
2021;MG;3135456;Jenipapo de Minas;13510.392;1561.911;21598.9;37183.68;79485.599;Adm. Pública
2021;MG;3135506;Jequeri;56906.106;8921.073;57211.283;61225.479;193976.079;Adm. Pública
2021;MG;3135605;Jequitaí;33021.621;14025.927;35480.264;37887.819;130435.841;Adm. Pública
2021;MG;3135704;Jequitibá;45431.362;7611.309;36969.578;29269.789;126107.62;Agropecuária
2021;MG;3135803;Jequitinhonha;26487.528;12044.994;105137.707;116907.011;274884.619;Adm. Pública
2021;MG;3135902;Jesuânia;44000.667;2826.264;26498.576;26587.51;104191.61;Agropecuária
2021;MG;3136009;Joaíma;23803.399;6680.326;49477.088;76019.822;162645.132;Adm. Pública
2021;MG;3136108;Joanésia;6735.968;57647.548;16894.635;27079.619;110201.459;Indústria
2021;MG;3136207;João Monlevade;3795.476;2435701.85;1443266.981;408266.189;4852509.786;Indústria
2021;MG;3136306;João Pinheiro;594331.863;429356.306;675478.716;245101.177;2156345.263;Serviços
2021;MG;3136405;Joaquim Felício;14782.879;5231.943;17597.669;29508.797;72279.075;Adm. Pública
2021;MG;3136504;Jordânia;15303.893;3268.86;32438.95;52123.686;107126.746;Adm. Pública
2021;MG;3136520;José Gonçalves de Minas;10671.765;1598.819;12435.903;25507.387;51739.301;Adm. Pública
2021;MG;3136553;José Raydan;10208.982;8210.263;20287.227;28730.654;72329.52;Adm. Pública
2021;MG;3136579;Josenópolis;15879.224;2115.394;10421.199;27406.031;58016.757;Adm. Pública
2021;MG;3136603;Nova União;18939.326;8320.663;41007.625;31324.838;107483.41;Serviços
2021;MG;3136652;Juatuba;4004.906;564161.912;427999.614;168329.688;1436347.194;Indústria
2021;MG;3136702;Juiz de Fora;55013.692;4526246.047;10190643.136;2668122.525;20281698.377;Serviços
2021;MG;3136801;Juramento;10851.056;2068.536;12674.916;24296.785;51590.583;Adm. Pública
2021;MG;3136900;Juruaia;76533.438;46394.623;76461.772;53485.353;274079.031;Agropecuária
2021;MG;3136959;Juvenília;11593.471;2831.977;16409.309;32758.022;65619.107;Adm. Pública
2021;MG;3137007;Ladainha;24142.171;2443.271;35208.303;81763.056;147335.314;Adm. Pública
2021;MG;3137106;Lagamar;117110.476;22148.01;54458.619;38499.679;242478.231;Agropecuária
2021;MG;3137205;Lagoa da Prata;57576.202;567330.848;842915.38;242783.735;1984774.207;Serviços
2021;MG;3137304;Lagoa dos Patos;18973.77;2120.361;12643.388;24366.455;59595.164;Adm. Pública
2021;MG;3137403;Lagoa Dourada;137383.126;12007.69;106472.435;69224.459;345374.295;Agropecuária
2021;MG;3137502;Lagoa Formosa;218860.969;53376.514;162994.006;95526.346;565538.929;Agropecuária
2021;MG;3137536;Lagoa Grande;121018.962;13821.615;83845.099;49547.227;292472.298;Agropecuária
2021;MG;3137601;Lagoa Santa;4775.699;454768.515;1036079.186;343540.273;2187874.863;Serviços
2021;MG;3137700;Lajinha;80200.958;17151.034;168245.638;97149.252;399767.038;Serviços
2021;MG;3137809;Lambari;44908.468;39245.12;185366.53;98511.949;405228.682;Serviços
2021;MG;3137908;Lamim;8636.093;3217.355;16439.389;20931.172;52121.453;Adm. Pública
2021;MG;3138005;Laranjal;20735.698;6374.857;29118.431;35129.109;95736.447;Adm. Pública
2021;MG;3138104;Lassance;103639.18;4217.159;34765.945;41281.216;192531.083;Agropecuária
2021;MG;3138203;Lavras;145241.103;447001.804;1474978.296;504552.256;2941307.978;Serviços
2021;MG;3138302;Leandro Ferreira;15933.839;3001.776;15008.213;19752.231;55488.241;Adm. Pública
2021;MG;3138351;Leme do Prado;11521.475;2765.658;19273.304;29587.91;66185.206;Adm. Pública
2021;MG;3138401;Leopoldina;74611.312;82101.598;600660.921;241364.673;1112638.912;Serviços
2021;MG;3138500;Liberdade;35742.533;4996.889;35075.791;26322.981;107623.129;Agropecuária
2021;MG;3138609;Lima Duarte;54052.013;33698.568;142559.257;80858.809;339218.657;Serviços
2021;MG;3138625;Limeira do Oeste;131396.473;136949.213;106584.334;49000.355;462720.443;Indústria
2021;MG;3138658;Lontra;3420.362;3640.421;30226.207;52521.763;93829.353;Adm. Pública
2021;MG;3138674;Luisburgo;68198.319;4087.873;23563.877;33782.991;132764.781;Agropecuária
2021;MG;3138682;Luislândia;6593.07;1822.526;19445.736;34905.28;65469.093;Adm. Pública
2021;MG;3138708;Luminárias;71844.669;8406.993;33554.354;30276.278;149049.071;Agropecuária
2021;MG;3138807;Luz;160849.896;55342.66;287865.336;91495.898;657535.006;Serviços
2021;MG;3138906;Machacalis;14645.919;13373.594;38222.09;38231.249;112414.488;Adm. Pública
2021;MG;3139003;Machado;201085.0;173113.423;611715.009;198167.324;1373895.592;Serviços
2021;MG;3139102;Madre de Deus de Minas;174758.072;28918.162;57712.321;28643.47;301964.566;Agropecuária
2021;MG;3139201;Malacacheta;24647.055;23473.088;88458.614;84056.272;235786.341;Serviços
2021;MG;3139250;Mamonas;4495.873;2084.448;16609.79;34453.878;60080.494;Adm. Pública
2021;MG;3139300;Manga;37041.8;10546.3;88071.342;94187.638;243335.8;Adm. Pública
2021;MG;3139409;Manhuaçu;176179.217;692273.308;1538206.199;429829.571;3277777.545;Serviços
2021;MG;3139508;Manhumirim;43008.288;13095.674;309526.321;113710.935;563358.125;Serviços
2021;MG;3139607;Mantena;38391.627;25391.144;237065.426;140344.402;476839.118;Serviços
2021;MG;3139706;Maravilhas;21317.862;78368.101;66636.0;38662.235;233073.196;Indústria
2021;MG;3139805;Mar de Espanha;20708.263;37578.579;92993.41;57362.718;227481.603;Serviços
2021;MG;3139904;Maria da Fé;19526.778;14410.324;83991.486;69049.25;203119.33;Serviços
2021;MG;3140001;Mariana;18555.704;5066961.07;1648598.652;433645.136;7367033.318;Indústria
2021;MG;3140100;Marilac;11690.514;2171.387;16604.912;25001.865;57772.34;Adm. Pública
2021;MG;3140159;Mário Campos;15263.048;13907.199;82748.151;70993.616;197956.538;Serviços
2021;MG;3140209;Maripá de Minas;12088.348;12780.499;24738.667;18996.408;74901.505;Serviços
2021;MG;3140308;Marliéria;7317.935;2143.782;18002.165;30163.619;60417.198;Adm. Pública
2021;MG;3140407;Marmelópolis;9709.303;979.883;12956.562;17705.239;42789.614;Adm. Pública
2021;MG;3140506;Martinho Campos;130381.831;71087.62;161285.066;67590.714;474366.573;Serviços
2021;MG;3140530;Martins Soares;26413.472;55290.686;68355.353;41102.334;215620.66;Serviços
2021;MG;3140555;Mata Verde;8018.968;11730.062;25854.905;42992.753;91547.003;Adm. Pública
2021;MG;3140605;Materlândia;16089.983;1852.606;15210.812;25334.976;60525.84;Adm. Pública
2021;MG;3140704;Mateus Leme;32710.852;437424.531;352360.001;158621.413;1078989.225;Indústria
2021;MG;3140803;Matias Barbosa;4083.173;154225.142;254895.792;75121.012;627997.327;Serviços
2021;MG;3140852;Matias Cardoso;53956.667;6267.591;30457.683;60715.984;158429.103;Adm. Pública
2021;MG;3140902;Matipó;46003.793;20333.29;220387.073;81478.456;425174.495;Serviços
2021;MG;3141009;Mato Verde;11282.492;8399.657;72004.078;57636.352;157529.823;Serviços
2021;MG;3141108;Matozinhos;13236.704;702601.617;413468.991;180215.52;1505457.589;Indústria
2021;MG;3141207;Matutina;33027.249;13102.391;22433.488;22889.396;97184.289;Agropecuária
2021;MG;3141306;Medeiros;162645.244;9879.335;41692.034;25292.639;247287.544;Agropecuária
2021;MG;3141405;Medina;15763.244;28655.057;97836.395;96274.686;252979.46;Serviços
2021;MG;3141504;Mendes Pimentel;9915.485;5726.76;25909.204;32093.843;77406.829;Adm. Pública
2021;MG;3141603;Mercês;18406.061;14047.022;58331.474;49173.684;151704.978;Serviços
2021;MG;3141702;Mesquita;7585.44;1468.089;18416.33;29897.854;59432.646;Adm. Pública
2021;MG;3141801;Minas Novas;88147.43;14162.451;98168.652;137528.974;350037.855;Adm. Pública
2021;MG;3141900;Minduri;74264.707;22671.658;35982.573;20987.575;163759.848;Agropecuária
2021;MG;3142007;Mirabela;13888.982;7071.199;61805.772;68459.639;162986.776;Adm. Pública
2021;MG;3142106;Miradouro;38361.562;10752.227;60417.344;53350.957;173968.075;Serviços
2021;MG;3142205;Miraí;13923.109;124375.789;101157.231;67706.942;333953.148;Indústria
2021;MG;3142254;Miravânia;3915.631;1214.586;12221.916;28015.381;46796.388;Adm. Pública
2021;MG;3142304;Moeda;3906.177;4503.111;34856.218;26964.878;76858.736;Serviços
2021;MG;3142403;Moema;21404.844;6486.074;71870.194;38431.696;152625.764;Serviços
2021;MG;3142502;Monjolos;7520.693;12953.652;10030.015;15106.171;46800.992;Adm. Pública
2021;MG;3142601;Monsenhor Paulo;60773.5;42334.712;67534.639;40894.387;228126.02;Serviços
2021;MG;3142700;Montalvânia;19856.882;6466.675;60270.095;69904.053;165406.313;Adm. Pública
2021;MG;3142809;Monte Alegre de Minas;375995.042;34809.173;204485.527;104222.583;758376.257;Agropecuária
2021;MG;3142908;Monte Azul;20745.124;10953.774;109337.687;100017.77;256072.177;Serviços
2021;MG;3143005;Monte Belo;81143.54;42783.197;137062.471;64271.725;366218.446;Serviços
2021;MG;3143104;Monte Carmelo;392909.114;88506.827;679458.309;241886.543;1559201.81;Serviços
2021;MG;3143153;Monte Formoso;4634.043;806.939;10200.358;27232.628;44092.997;Adm. Pública
2021;MG;3143203;Monte Santo de Minas;115704.171;33124.572;193144.035;108281.532;483171.922;Serviços
2021;MG;3143302;Montes Claros;156030.836;1961020.907;5465743.037;1879776.235;10799485.803;Serviços
2021;MG;3143401;Monte Sião;41811.75;94850.608;271750.831;127707.859;605891.629;Serviços
2021;MG;3143450;Montezuma;21063.115;2486.792;21333.029;43892.763;91045.991;Adm. Pública
2021;MG;3143500;Morada Nova de Minas;334820.152;28917.377;99991.352;57055.179;541501.521;Agropecuária
2021;MG;3143609;Morro da Garça;19694.126;1424.356;9344.656;19157.664;51051.917;Agropecuária
2021;MG;3143708;Morro do Pilar;6471.002;1212.831;13399.726;21298.73;44096.986;Adm. Pública
2021;MG;3143807;Munhoz;18439.91;19075.712;48513.814;31277.826;128214.848;Serviços
2021;MG;3143906;Muriaé;59852.294;241880.898;1530224.213;571495.423;2654177.047;Serviços
2021;MG;3144003;Mutum;118792.24;67877.575;159846.437;123096.032;508860.402;Serviços
2021;MG;3144102;Muzambinho;77612.573;76687.822;230877.781;101258.668;535415.379;Serviços
2021;MG;3144201;Nacip Raydan;6570.005;1067.142;9206.389;19615.784;37373.303;Adm. Pública
2021;MG;3144300;Nanuque;45108.232;127499.141;381592.412;169711.641;808450.077;Serviços
2021;MG;3144359;Naque;4458.01;4222.724;38485.592;37133.296;90146.9;Serviços
2021;MG;3144375;Natalândia;16415.552;2940.745;28587.874;22652.393;75162.643;Serviços
2021;MG;3144409;Natércia;37919.619;6448.547;36626.045;25526.13;115391.503;Agropecuária
2021;MG;3144508;Nazareno;69390.252;405186.42;125935.844;46359.969;668803.532;Indústria
2021;MG;3144607;Nepomuceno;195586.323;23525.842;226262.019;128714.162;618030.81;Serviços
2021;MG;3144656;Ninheira;40080.55;5046.718;25430.657;50473.97;126348.884;Adm. Pública
2021;MG;3144672;Nova Belém;43469.478;2500.954;14950.359;20852.605;83433.719;Agropecuária
2021;MG;3144706;Nova Era;15747.59;105610.017;177338.149;92036.025;432758.087;Serviços
2021;MG;3144805;Nova Lima;3335.46;13942745.194;5223937.539;736535.201;21040765.73;Indústria
2021;MG;3144904;Nova Módica;12501.273;3707.771;16026.94;24228.096;58648.721;Adm. Pública
2021;MG;3145000;Nova Ponte;372826.349;350468.176;242592.787;94799.153;1115948.816;Agropecuária
2021;MG;3145059;Nova Porteirinha;24828.447;9190.751;37231.864;40307.763;116345.919;Adm. Pública
2021;MG;3145109;Nova Resende;144473.147;19021.865;122376.405;76454.4;385621.702;Agropecuária
2021;MG;3145208;Nova Serrana;16001.867;739958.88;1075885.938;527910.733;2634272.394;Serviços
2021;MG;3145307;Novo Cruzeiro;33813.25;15565.463;121563.603;135824.152;330389.681;Adm. Pública
2021;MG;3145356;Novo Oriente de Minas;20027.673;7017.624;36343.162;52180.598;121559.971;Adm. Pública
2021;MG;3145372;Novorizonte;2932.388;11901.349;17508.265;30316.264;70395.077;Adm. Pública
2021;MG;3145406;Olaria;5694.548;809.051;9215.283;15368.914;31904.411;Adm. Pública
2021;MG;3145455;Olhos-d'Água;139218.777;6940.808;23319.949;36432.439;211917.383;Agropecuária
2021;MG;3145505;Olímpio Noronha;9461.572;1187.399;13249.281;18130.082;43923.538;Adm. Pública
2021;MG;3145604;Oliveira;121510.946;189983.895;506133.082;187459.836;1108062.858;Serviços
2021;MG;3145703;Oliveira Fortes;14659.782;1324.497;8665.45;14772.904;40519.19;Adm. Pública
2021;MG;3145802;Onça de Pitangui;27542.7;3808.674;12312.647;19258.233;64912.868;Agropecuária
2021;MG;3145851;Oratórios;9564.623;7922.538;21184.029;28559.918;70840.54;Adm. Pública
2021;MG;3145877;Orizânia;34135.649;4565.882;33604.205;42763.648;122067.504;Adm. Pública
2021;MG;3145901;Ouro Branco;9791.61;2937280.849;919776.359;227412.276;5276139.182;Indústria
2021;MG;3146008;Ouro Fino;58972.643;156240.911;434952.983;152584.207;934049.144;Serviços
2021;MG;3146107;Ouro Preto;30549.358;6362932.736;2260337.154;462530.891;9518796.768;Indústria
2021;MG;3146206;Ouro Verde de Minas;12764.96;2758.238;18791.921;31350.764;67791.642;Adm. Pública
2021;MG;3146255;Padre Carvalho;1181.657;1599.638;19492.125;32659.926;58182.877;Adm. Pública
2021;MG;3146305;Padre Paraíso;7323.528;13429.014;86282.697;94611.777;213888.145;Adm. Pública
2021;MG;3146404;Paineiras;25694.728;2600.712;24842.6;25079.092;82804.356;Agropecuária
2021;MG;3146503;Pains;43262.549;267710.008;110491.12;50068.114;531120.331;Indústria
2021;MG;3146552;Pai Pedro;10511.69;2029.625;11312.831;33209.253;58641.87;Adm. Pública
2021;MG;3146602;Paiva;4677.017;1238.942;7633.624;12756.104;27292.181;Adm. Pública
2021;MG;3146701;Palma;21199.027;4113.121;38491.614;33645.825;103635.903;Serviços
2021;MG;3146750;Palmópolis;8498.181;3469.724;19683.509;30001.097;63836.925;Adm. Pública
2021;MG;3146909;Papagaios;36205.978;105390.947;125697.281;74346.192;374384.057;Serviços
2021;MG;3147006;Paracatu;1133352.171;3309471.457;1867899.316;526010.6;7198750.924;Indústria
2021;MG;3147105;Pará de Minas;128982.28;1134016.925;1660637.924;463938.753;4024573.632;Serviços
2021;MG;3147204;Paraguaçu;137444.787;123431.193;229204.362;97963.711;650844.451;Serviços
2021;MG;3147303;Paraisópolis;18499.549;140135.583;222963.981;101607.823;592506.172;Serviços
2021;MG;3147402;Paraopeba;47060.551;149840.338;522545.226;121829.25;918654.955;Serviços
2021;MG;3147501;Passabém;3014.396;824.404;6255.335;12627.56;23587.941;Adm. Pública
2021;MG;3147600;Passa Quatro;97796.179;87476.335;162540.128;77909.882;471565.482;Serviços
2021;MG;3147709;Passa Tempo;28793.143;249888.594;102714.435;42257.494;481059.485;Indústria
2021;MG;3147808;Passa Vinte;10587.938;1225.542;12081.375;16751.045;42075.257;Adm. Pública
2021;MG;3147907;Passos;310025.769;304921.072;1580293.761;522616.143;3023765.638;Serviços
2021;MG;3147956;Patis;5498.674;1555.869;13464.678;32931.466;55024.658;Adm. Pública
2021;MG;3148004;Patos de Minas;671617.253;1012131.214;2997020.776;776245.108;6146246.831;Serviços
2021;MG;3148103;Patrocínio;884670.0;392164.359;1565881.833;467665.302;3679638.131;Serviços
2021;MG;3148202;Patrocínio do Muriaé;6522.24;20881.576;44408.46;32067.468;116017.332;Serviços
2021;MG;3148301;Paula Cândido;35606.883;5133.85;43710.651;44272.722;136789.909;Adm. Pública
2021;MG;3148400;Paulistas;16197.584;5629.819;17196.411;24866.327;67345.922;Adm. Pública
2021;MG;3148509;Pavão;18871.577;2878.372;26835.365;40845.654;93054.393;Adm. Pública
2021;MG;3148608;Peçanha;81989.314;6133.158;83270.008;86361.134;270117.525;Adm. Pública
2021;MG;3148707;Pedra Azul;14186.543;108936.95;136675.201;121361.357;401335.187;Serviços
2021;MG;3148756;Pedra Bonita;32598.537;2757.197;19839.613;38674.044;96487.748;Adm. Pública
2021;MG;3148806;Pedra do Anta;12268.775;6684.917;14195.856;22343.74;57703.173;Adm. Pública
2021;MG;3148905;Pedra do Indaiá;35465.647;19331.096;27163.499;24221.582;116111.77;Agropecuária
2021;MG;3149002;Pedra Dourada;8649.089;1280.19;11844.554;19212.613;42272.782;Adm. Pública
2021;MG;3149101;Pedralva;52015.853;8713.184;61049.079;52562.97;182673.322;Serviços
2021;MG;3149150;Pedras de Maria da Cruz;17602.214;3271.322;26137.85;58814.907;109623.575;Adm. Pública
2021;MG;3149200;Pedrinópolis;92550.359;6369.224;59967.515;27322.678;204095.37;Agropecuária
2021;MG;3149309;Pedro Leopoldo;12335.183;681070.491;684518.827;321037.521;1938133.871;Serviços
2021;MG;3149408;Pedro Teixeira;6931.575;750.485;7494.625;14190.43;30258.636;Adm. Pública
2021;MG;3149507;Pequeri;4283.365;14609.702;17036.704;22485.399;62510.15;Adm. Pública
2021;MG;3149606;Pequi;29328.409;4739.31;23165.457;23815.312;85499.627;Agropecuária
2021;MG;3149705;Perdigão;14889.746;63795.749;74533.587;60012.353;234679.931;Serviços
2021;MG;3149804;Perdizes;864212.365;219556.231;320164.112;92423.28;1629149.392;Agropecuária
2021;MG;3149903;Perdões;59683.226;150755.477;255308.941;99826.867;626987.288;Serviços
2021;MG;3149952;Periquito;9510.653;9346.249;43917.267;38405.824;111676.559;Serviços
2021;MG;3150000;Pescador;6928.638;978.34;14044.435;23824.945;47074.727;Adm. Pública
2021;MG;3150109;Piau;14863.235;42136.982;14180.46;18921.25;92644.52;Indústria
2021;MG;3150158;Piedade de Caratinga;39253.178;6917.234;42762.285;44276.143;140805.478;Adm. Pública
2021;MG;3150208;Piedade de Ponte Nova;11911.765;2138.169;19940.21;25371.128;62725.465;Adm. Pública
2021;MG;3150307;Piedade do Rio Grande;43675.403;8528.69;29214.213;24101.632;110390.303;Agropecuária
2021;MG;3150406;Piedade dos Gerais;23567.172;10095.691;24223.868;26383.052;89788.642;Adm. Pública
2021;MG;3150505;Pimenta;86455.443;6781.444;109153.914;46050.783;281707.248;Serviços
2021;MG;3150539;Pingo-d'Água;2499.084;2809.375;17344.784;28085.031;52693.461;Adm. Pública
2021;MG;3150570;Pintópolis;10491.128;2328.01;18791.601;37031.504;71109.03;Adm. Pública
2021;MG;3150604;Piracema;26164.71;160904.695;72572.775;34737.45;303140.414;Indústria
2021;MG;3150703;Pirajuba;104948.893;106764.236;105765.683;38556.571;403701.585;Indústria
2021;MG;3150802;Piranga;35574.067;8100.747;68417.053;78642.573;200152.082;Adm. Pública
2021;MG;3150901;Piranguçu;9423.024;12796.383;23090.587;28010.759;78363.453;Adm. Pública
2021;MG;3151008;Piranguinho;13967.519;15520.017;55811.144;40654.523;136133.485;Serviços
2021;MG;3151107;Pirapetinga;10549.707;286584.747;152231.762;58971.402;633595.034;Indústria
2021;MG;3151206;Pirapora;63679.114;1202634.739;775507.913;288030.276;2871585.438;Indústria
2021;MG;3151305;Piraúba;22041.96;33463.91;75152.896;52589.803;200320.535;Serviços
2021;MG;3151404;Pitangui;88239.899;131344.683;339473.438;123008.838;741272.741;Serviços
2021;MG;3151503;Piumhi;296352.823;125502.963;548769.245;176697.746;1280616.626;Serviços
2021;MG;3151602;Planura;123719.436;273508.94;92229.865;70113.345;574229.731;Indústria
2021;MG;3151701;Poço Fundo;106017.926;33728.234;154693.262;74363.557;403831.57;Serviços
2021;MG;3151800;Poços de Caldas;78107.711;2045872.007;3824796.552;1073208.384;8526941.834;Serviços
2021;MG;3151909;Pocrane;32372.43;2762.299;39026.973;39306.146;121700.531;Adm. Pública
2021;MG;3152006;Pompéu;266487.898;200156.928;428996.379;157213.685;1170319.055;Serviços
2021;MG;3152105;Ponte Nova;41427.61;446309.015;1036389.929;306538.546;2142078.158;Serviços
2021;MG;3152131;Ponto Chique;6198.369;3149.215;14455.535;26263.709;52084.361;Adm. Pública
2021;MG;3152170;Ponto dos Volantes;9882.455;4674.395;40364.353;60478.333;122519.626;Adm. Pública
2021;MG;3152204;Porteirinha;94114.197;34201.004;190441.433;173947.087;526973.227;Serviços
2021;MG;3152303;Porto Firme;24225.49;10997.361;37686.66;50896.451;130225.729;Adm. Pública
2021;MG;3152402;Poté;18692.205;13362.613;55497.947;72679.571;168767.017;Adm. Pública
2021;MG;3152501;Pouso Alegre;109543.122;2434994.973;5153858.548;807222.413;10718150.481;Serviços
2021;MG;3152600;Pouso Alto;91199.29;42036.426;78790.644;34041.467;277394.563;Agropecuária
2021;MG;3152709;Prados;44642.526;61141.832;64475.575;41840.213;229055.251;Serviços
2021;MG;3152808;Prata;416406.323;168165.501;440463.114;147211.012;1292807.344;Serviços
2021;MG;3152907;Pratápolis;59912.003;42671.583;70324.149;44749.446;228619.457;Serviços
2021;MG;3153004;Pratinha;91852.344;6051.609;27035.721;22459.297;154717.678;Agropecuária
2021;MG;3153103;Presidente Bernardes;16730.168;2958.902;18006.811;27628.034;67749.052;Adm. Pública
2021;MG;3153202;Presidente Juscelino;12285.547;2011.97;10269.856;22217.713;49103.72;Adm. Pública
2021;MG;3153301;Presidente Kubitschek;2047.867;1008.198;10361.241;21608.421;36192.761;Adm. Pública
2021;MG;3153400;Presidente Olegário;382699.221;30405.156;178403.648;103855.254;731424.966;Agropecuária
2021;MG;3153509;Alto Jequitibá;33627.178;6015.67;39857.417;39276.562;125572.56;Serviços
2021;MG;3153608;Prudente de Morais;3364.552;50817.881;70161.036;51889.195;203095.72;Serviços
2021;MG;3153707;Quartel Geral;30618.251;2700.882;18085.319;22615.602;77606.466;Agropecuária
2021;MG;3153806;Queluzito;13224.366;1025.185;9453.852;15172.645;40046.217;Adm. Pública
2021;MG;3153905;Raposos;325.747;43354.47;64536.141;75336.925;193683.706;Adm. Pública
2021;MG;3154002;Raul Soares;93729.329;26842.283;161702.667;114701.465;423329.981;Serviços
2021;MG;3154101;Recreio;12692.77;2613.682;47093.498;54351.137;123246.546;Adm. Pública
2021;MG;3154150;Reduto;30321.775;8841.02;39041.16;37101.31;121181.924;Serviços
2021;MG;3154200;Resende Costa;48273.303;18122.792;76477.26;51802.856;207472.971;Serviços
2021;MG;3154309;Resplendor;27867.675;16686.116;124566.195;90894.821;277790.153;Serviços
2021;MG;3154408;Ressaquinha;31408.538;160670.572;95180.481;32512.232;372865.782;Indústria
2021;MG;3154457;Riachinho;66588.68;4471.475;40149.34;40534.978;157241.596;Agropecuária
2021;MG;3154507;Riacho dos Machados;47609.484;322182.498;84269.729;53552.674;532552.056;Indústria
2021;MG;3154606;Ribeirão das Neves;4917.692;647329.987;2325895.829;1460099.218;5180189.078;Serviços
2021;MG;3154705;Ribeirão Vermelho;9974.223;6150.499;55581.659;23884.533;105345.881;Serviços
2021;MG;3154804;Rio Acima;771.925;270310.038;119147.288;70854.778;472402.325;Indústria
2021;MG;3154903;Rio Casca;32761.013;11512.374;106749.712;70246.009;237323.754;Serviços
2021;MG;3155009;Rio Doce;4416.975;7239.594;12926.962;21955.816;51851.31;Adm. Pública
2021;MG;3155108;Rio do Prado;6248.56;896.009;16135.879;27177.451;52654.169;Adm. Pública
2021;MG;3155207;Rio Espera;13513.708;1646.939;16404.589;26055.226;59583.143;Adm. Pública
2021;MG;3155306;Rio Manso;20079.406;7795.319;46168.816;29971.698;113750.292;Serviços
2021;MG;3155405;Rio Novo;9881.58;7898.052;51007.259;43714.644;120045.415;Serviços
2021;MG;3155504;Rio Paranaíba;539565.013;41461.315;210705.887;70697.753;906411.869;Agropecuária
2021;MG;3155603;Rio Pardo de Minas;84507.478;10191.831;90688.327;145903.031;345428.279;Adm. Pública
2021;MG;3155702;Rio Piracicaba;22346.52;937159.26;274220.306;77880.04;1339655.886;Indústria
2021;MG;3155801;Rio Pomba;19884.285;74435.73;193787.226;82251.171;417244.335;Serviços
2021;MG;3155900;Rio Preto;6727.35;3615.253;27183.317;28338.18;69135.36;Adm. Pública
2021;MG;3156007;Rio Vermelho;30867.471;3283.607;44392.551;56352.934;140756.775;Adm. Pública
2021;MG;3156106;Ritápolis;24709.415;12533.985;25579.478;23622.661;90330.223;Serviços
2021;MG;3156205;Rochedo de Minas;3476.338;47709.759;31543.575;15914.288;114660.416;Indústria
2021;MG;3156304;Rodeiro;40904.01;291994.886;105533.027;41187.124;544656.187;Indústria
2021;MG;3156403;Romaria;182797.404;16075.333;43065.666;22042.789;271626.759;Agropecuária
2021;MG;3156452;Rosário da Limeira;8742.273;3181.781;22387.316;29169.524;67723.314;Adm. Pública
2021;MG;3156502;Rubelita;10701.716;15602.703;17740.777;33630.229;80083.742;Adm. Pública
2021;MG;3156601;Rubim;12999.427;3582.813;35584.351;55781.457;111693.119;Adm. Pública
2021;MG;3156700;Sabará;3156.002;1845745.119;1400549.748;602782.961;4201931.68;Indústria
2021;MG;3156809;Sabinópolis;42775.98;107386.69;101974.637;69796.966;334726.643;Indústria
2021;MG;3156908;Sacramento;687267.02;436638.984;615035.212;175197.677;2090841.083;Agropecuária
2021;MG;3157005;Salinas;27608.563;62009.728;317353.958;197668.723;667282.456;Serviços
2021;MG;3157104;Salto da Divisa;14582.795;38657.785;33563.83;40453.35;132014.548;Adm. Pública
2021;MG;3157203;Santa Bárbara;21230.143;923356.962;450543.066;162690.875;1628347.376;Indústria
2021;MG;3157252;Santa Bárbara do Leste;24989.466;5141.261;36127.275;39220.735;111674.055;Adm. Pública
2021;MG;3157278;Santa Bárbara do Monte Verde;21440.74;1548.007;11599.961;19992.368;56260.636;Agropecuária
2021;MG;3157302;Santa Bárbara do Tugúrio;10688.962;2718.564;27822.371;24179.199;70602.427;Serviços
2021;MG;3157336;Santa Cruz de Minas;56.758;7136.276;47121.824;39942.247;103452.892;Serviços
2021;MG;3157377;Santa Cruz de Salinas;4873.597;1057.09;15787.668;24646.659;48998.011;Adm. Pública
2021;MG;3157401;Santa Cruz do Escalvado;12234.325;19989.727;15014.994;26126.647;76982.243;Adm. Pública
2021;MG;3157500;Santa Efigênia de Minas;6492.163;1810.661;15601.097;25062.5;51007.865;Adm. Pública
2021;MG;3157609;Santa Fé de Minas;18605.647;1906.74;13245.703;23491.127;59926.411;Adm. Pública
2021;MG;3157658;Santa Helena de Minas;8448.59;1051.722;15266.36;31482.304;57927.071;Adm. Pública
2021;MG;3157708;Santa Juliana;230710.087;216675.786;254207.358;77568.609;860296.319;Serviços
2021;MG;3157807;Santa Luzia;4235.837;1729157.044;1844630.038;1018986.259;5287596.733;Serviços
2021;MG;3157906;Santa Margarida;172774.971;11679.779;78951.492;79369.51;353994.896;Agropecuária
2021;MG;3158003;Santa Maria de Itabira;18931.033;65044.865;105347.537;54711.55;269093.836;Serviços
2021;MG;3158102;Santa Maria do Salto;4730.147;1167.315;14111.723;28553.691;49982.525;Adm. Pública
2021;MG;3158201;Santa Maria do Suaçuí;21489.515;6336.689;67150.841;67376.794;170803.166;Adm. Pública
2021;MG;3158300;Santana da Vargem;71337.569;38807.497;70892.543;37264.679;243281.986;Agropecuária
2021;MG;3158409;Santana de Cataguases;6824.337;2192.589;15378.671;23492.074;49901.016;Adm. Pública
2021;MG;3158508;Santana de Pirapama;45963.034;4846.73;25570.355;35364.244;116826.219;Agropecuária
2021;MG;3158607;Santana do Deserto;4367.346;1566.306;15171.871;24416.144;47354.938;Adm. Pública
2021;MG;3158706;Santana do Garambéu;9191.5;751.697;10124.77;17653.109;39151.502;Adm. Pública
2021;MG;3158805;Santana do Jacaré;10902.496;24113.69;35807.659;26017.228;105811.533;Serviços
2021;MG;3158904;Santana do Manhuaçu;79542.853;7938.88;50610.386;40644.042;189821.927;Agropecuária
2021;MG;3158953;Santana do Paraíso;12578.835;181962.25;298701.217;170469.558;749701.607;Serviços
2021;MG;3159001;Santana do Riacho;3138.547;8074.534;58238.669;25766.116;103769.993;Serviços
2021;MG;3159100;Santana dos Montes;7191.459;2230.764;14796.07;23837.792;49866.757;Adm. Pública
2021;MG;3159209;Santa Rita de Caldas;62553.679;37452.254;68687.108;43973.838;227927.742;Serviços
2021;MG;3159308;Santa Rita de Jacutinga;14375.973;2043.237;26899.605;27619.995;74797.746;Adm. Pública
2021;MG;3159357;Santa Rita de Minas;22990.289;30230.093;46276.951;37210.059;151780.901;Serviços
2021;MG;3159407;Santa Rita de Ibitipoca;22112.333;2237.868;13526.338;21748.605;61997.751;Agropecuária
2021;MG;3159506;Santa Rita do Itueto;83411.429;27181.155;31826.179;31426.566;179106.862;Agropecuária
2021;MG;3159605;Santa Rita do Sapucaí;72423.95;602209.812;625973.487;211605.752;1944044.507;Serviços
2021;MG;3159704;Santa Rosa da Serra;49636.338;6345.317;21184.094;22057.003;102017.101;Agropecuária
2021;MG;3159803;Santa Vitória;219824.009;131295.015;244082.139;142410.231;802576.263;Serviços
2021;MG;3159902;Santo Antônio do Amparo;86895.887;19168.972;133759.08;88761.836;354377.976;Serviços
2021;MG;3160009;Santo Antônio do Aventureiro;20031.979;2609.456;20033.395;23136.743;67888.308;Adm. Pública
2021;MG;3160108;Santo Antônio do Grama;10803.012;12373.232;20617.027;24894.386;85507.708;Adm. Pública
2021;MG;3160207;Santo Antônio do Itambé;7810.546;1175.352;11340.292;23081.974;44719.814;Adm. Pública
2021;MG;3160306;Santo Antônio do Jacinto;11056.557;4741.218;35961.288;58280.82;114521.804;Adm. Pública
2021;MG;3160405;Santo Antônio do Monte;352781.411;47291.034;262954.945;134148.734;842861.705;Agropecuária
2021;MG;3160454;Santo Antônio do Retiro;6215.722;3796.293;18230.347;40268.258;70751.759;Adm. Pública
2021;MG;3160504;Santo Antônio do Rio Abaixo;5043.972;628.257;8228.45;13563.346;28487.364;Adm. Pública
2021;MG;3160603;Santo Hipólito;14833.615;1879.799;12063.015;19936.53;50190.473;Adm. Pública
2021;MG;3160702;Santos Dumont;21028.397;290588.304;406013.551;211659.804;1101637.428;Serviços
2021;MG;3160801;São Bento Abade;27791.018;4036.066;24806.547;29087.767;89288.98;Adm. Pública
2021;MG;3160900;São Brás do Suaçuí;3712.337;3374.914;38845.197;28242.435;80485.097;Serviços
2021;MG;3160959;São Domingos das Dores;16321.777;2573.213;32543.348;31785.53;91424.17;Serviços
2021;MG;3161007;São Domingos do Prata;32428.634;28746.852;133973.062;85240.661;313454.213;Serviços
2021;MG;3161056;São Félix de Minas;5807.537;2050.725;12789.303;21407.936;43890.239;Adm. Pública
2021;MG;3161106;São Francisco;75358.553;35181.805;245107.824;251665.267;648147.82;Adm. Pública
2021;MG;3161205;São Francisco de Paula;44970.344;6885.683;54062.177;32585.873;150493.084;Serviços
2021;MG;3161304;São Francisco de Sales;92869.952;9534.72;45385.726;38232.239;193829.048;Agropecuária
2021;MG;3161403;São Francisco do Glória;14934.608;3890.674;22827.722;26037.422;72558.566;Adm. Pública
2021;MG;3161502;São Geraldo;20096.078;89152.617;66876.862;57843.884;263232.564;Indústria
2021;MG;3161601;São Geraldo da Piedade;6326.743;1058.363;13309.843;22527.193;44803.139;Adm. Pública
2021;MG;3161650;São Geraldo do Baixio;8528.226;3784.644;13481.716;22528.234;49928.102;Adm. Pública
2021;MG;3161700;São Gonçalo do Abaeté;112783.884;38065.025;102469.138;41522.06;325636.805;Agropecuária
2021;MG;3161809;São Gonçalo do Pará;27105.748;112164.534;81679.058;60651.464;311146.881;Indústria
2021;MG;3161908;São Gonçalo do Rio Abaixo;12551.14;5826629.256;1415025.733;176734.622;7603788.203;Indústria
2021;MG;3162005;São Gonçalo do Sapucaí;157543.412;202846.604;381155.775;124682.805;986478.332;Serviços
2021;MG;3162104;São Gotardo;130818.055;125094.25;608767.929;172445.62;1189028.466;Serviços
2021;MG;3162203;São João Batista do Glória;109263.28;29837.595;64762.373;49101.301;268081.503;Agropecuária
2021;MG;3162252;São João da Lagoa;14162.462;1301.246;13698.85;28452.923;60401.717;Adm. Pública
2021;MG;3162302;São João da Mata;18126.693;1488.98;15456.307;17519.619;55080.701;Agropecuária
2021;MG;3162401;São João da Ponte;37952.283;11191.423;82218.964;124761.787;269275.132;Adm. Pública
2021;MG;3162450;São João das Missões;6703.637;2196.851;20446.831;60213.266;92410.154;Adm. Pública
2021;MG;3162500;São João del Rei;292263.819;590046.041;1364170.622;405919.349;3003941.6;Serviços
2021;MG;3162559;São João do Manhuaçu;47628.701;8286.731;56613.396;59797.255;183076.429;Adm. Pública
2021;MG;3162575;São João do Manteninha;7832.618;8002.949;29481.596;31214.095;81209.524;Adm. Pública
2021;MG;3162609;São João do Oriente;10318.37;12851.311;35097.008;37245.137;101830.184;Adm. Pública
2021;MG;3162658;São João do Pacuí;7957.063;891.709;9462.012;25080.974;44650.785;Adm. Pública
2021;MG;3162708;São João do Paraíso;67859.614;16127.571;75784.44;110481.255;285026.405;Adm. Pública
2021;MG;3162807;São João Evangelista;31799.404;13141.786;113170.507;75778.947;253189.474;Serviços
2021;MG;3162906;São João Nepomuceno;21060.694;105914.72;217751.774;123433.488;506005.125;Serviços
2021;MG;3162922;São Joaquim de Bicas;46947.358;432902.288;295832.412;167714.497;1083055.953;Indústria
2021;MG;3162948;São José da Barra;87667.621;678363.777;67644.307;44335.026;891414.149;Indústria
2021;MG;3162955;São José da Lapa;9299.696;198280.634;193618.475;133985.045;624432.332;Indústria
2021;MG;3163003;São José da Safira;3255.639;3977.496;15191.529;25153.609;49537.836;Adm. Pública
2021;MG;3163102;São José da Varginha;55240.106;2111.719;24970.075;26905.529;114569.087;Agropecuária
2021;MG;3163201;São José do Alegre;8117.064;2696.943;20567.046;22992.728;57941.277;Adm. Pública
2021;MG;3163300;São José do Divino;11331.762;1212.615;15461.771;23510.447;53034.752;Adm. Pública
2021;MG;3163409;São José do Goiabal;13245.979;2489.778;19791.386;29547.023;67368.513;Adm. Pública
2021;MG;3163508;São José do Jacuri;22199.897;13823.646;25606.732;32033.895;99879.802;Adm. Pública
2021;MG;3163607;São José do Mantimento;11532.373;1558.825;11034.701;18805.64;44164.7;Adm. Pública
2021;MG;3163706;São Lourenço;2663.637;108612.717;701404.23;252119.472;1177794.992;Serviços
2021;MG;3163805;São Miguel do Anta;32883.244;5596.08;25860.868;36215.98;105060.082;Adm. Pública
2021;MG;3163904;São Pedro da União;71612.924;5631.125;37965.235;26071.39;148146.756;Agropecuária
2021;MG;3164001;São Pedro dos Ferros;29878.974;17141.912;42574.817;33704.203;134364.4;Serviços
2021;MG;3164100;São Pedro do Suaçuí;13279.552;9833.84;26380.362;26530.428;81768.753;Adm. Pública
2021;MG;3164209;São Romão;121813.205;10196.073;44430.929;57417.389;243070.34;Agropecuária
2021;MG;3164308;São Roque de Minas;151224.763;24491.512;85759.962;38173.526;323179.269;Agropecuária
2021;MG;3164407;São Sebastião da Bela Vista;24954.525;80441.173;213884.912;35965.907;442551.617;Serviços
2021;MG;3164431;São Sebastião da Vargem Alegre;9521.013;18536.039;15439.802;21448.429;66795.985;Adm. Pública
2021;MG;3164472;São Sebastião do Anta;27810.621;4945.32;31025.688;36090.304;104236.016;Adm. Pública
2021;MG;3164506;São Sebastião do Maranhão;20718.032;2931.961;28272.484;44494.783;100804.467;Adm. Pública
2021;MG;3164605;São Sebastião do Oeste;77594.596;234174.889;155067.711;40591.619;596666.967;Indústria
2021;MG;3164704;São Sebastião do Paraíso;186670.988;425484.918;965699.681;363181.419;2234340.97;Serviços
2021;MG;3164803;São Sebastião do Rio Preto;4466.707;579.769;6189.388;14124.773;25964.834;Adm. Pública
2021;MG;3164902;São Sebastião do Rio Verde;5971.537;1432.588;11160.519;15660.376;35674.909;Adm. Pública
2021;MG;3165008;São Tiago;65685.336;37327.413;75024.965;50548.571;246013.098;Serviços
2021;MG;3165107;São Tomás de Aquino;84032.516;14782.17;48514.925;38780.913;195195.791;Agropecuária
2021;MG;3165206;São Tomé das Letras;35981.122;11443.823;46720.718;35302.837;137340.844;Serviços
2021;MG;3165305;São Vicente de Minas;55556.249;26957.011;65965.786;37992.988;206079.557;Serviços
2021;MG;3165404;Sapucaí-Mirim;14692.119;15447.571;38330.283;34393.953;110258.164;Serviços
2021;MG;3165503;Sardoá;6753.565;3349.948;22628.397;32586.508;68811.222;Adm. Pública
2021;MG;3165537;Sarzedo;2994.01;1255610.969;538214.912;185036.51;2190345.971;Indústria
2021;MG;3165552;Setubinha;37905.559;3019.409;24522.125;53799.755;122712.798;Adm. Pública
2021;MG;3165560;Sem-Peixe;6345.113;2804.898;9964.264;16386.233;36659.681;Adm. Pública
2021;MG;3165578;Senador Amaral;18774.226;3396.507;31151.201;31263.765;89403.684;Adm. Pública
2021;MG;3165602;Senador Cortes;5662.139;3720.525;11342.932;15164.085;38032.805;Adm. Pública
2021;MG;3165701;Senador Firmino;10240.697;7327.176;43246.007;39513.445;106704.397;Serviços
2021;MG;3165800;Senador José Bento;12155.509;1013.22;8613.417;12547.154;35501.088;Adm. Pública
2021;MG;3165909;Senador Modestino Gonçalves;44693.058;7205.492;14778.22;23248.431;92203.567;Agropecuária
2021;MG;3166006;Senhora de Oliveira;15271.633;2370.613;30171.949;29598.989;81065.132;Serviços
2021;MG;3166105;Senhora do Porto;12440.352;4355.861;10440.533;20670.41;49707.906;Adm. Pública
2021;MG;3166204;Senhora dos Remédios;21098.215;9992.363;32379.062;48125.986;115730.758;Adm. Pública
2021;MG;3166303;Sericita;31449.403;6949.086;26324.508;36422.266;104954.255;Adm. Pública
2021;MG;3166402;Seritinga;10423.79;3214.117;13820.305;14946.837;45220.542;Adm. Pública
2021;MG;3166501;Serra Azul de Minas;5920.821;1454.281;10373.545;26019.906;45048.177;Adm. Pública
2021;MG;3166600;Serra da Saudade;7917.936;815.731;4107.786;8459.631;21916.026;Adm. Pública
2021;MG;3166709;Serra dos Aimorés;15706.23;3800.173;27950.186;41593.68;93121.949;Adm. Pública
2021;MG;3166808;Serra do Salitre;429055.852;266284.999;189779.398;72239.222;983425.484;Agropecuária
2021;MG;3166907;Serrania;43774.728;16632.346;53050.532;38186.255;161679.666;Serviços
2021;MG;3166956;Serranópolis de Minas;6297.105;1643.017;9530.097;28681.387;47444.978;Adm. Pública
2021;MG;3167004;Serranos;13493.094;723.025;9084.046;14159.883;38551.231;Adm. Pública
2021;MG;3167103;Serro;29268.096;15126.924;131430.484;98070.465;292377.507;Serviços
2021;MG;3167202;Sete Lagoas;36540.813;4824683.688;4365733.225;1241707.397;12655800.107;Indústria
2021;MG;3167301;Silveirânia;7446.983;1339.447;9250.274;15989.587;35130.65;Adm. Pública
2021;MG;3167400;Silvianópolis;46269.499;16462.241;38519.701;31657.859;141499.83;Agropecuária
2021;MG;3167509;Simão Pereira;5115.899;57551.953;16921.878;19403.889;103932.604;Indústria
2021;MG;3167608;Simonésia;89366.306;10441.813;82459.588;90283.755;285218.741;Adm. Pública
2021;MG;3167707;Sobrália;10685.736;2431.587;21543.474;30350.064;67350.421;Adm. Pública
2021;MG;3167806;Soledade de Minas;17220.369;4340.085;26110.871;30951.368;81837.055;Adm. Pública
2021;MG;3167905;Tabuleiro;8927.684;7438.919;23220.147;21109.372;65696.603;Serviços
2021;MG;3168002;Taiobeiras;59332.219;42629.54;251983.675;163118.522;557220.6;Serviços
2021;MG;3168051;Taparuba;13213.582;1818.336;11647.474;20834.641;49070.654;Adm. Pública
2021;MG;3168101;Tapira;123205.144;366086.557;99238.505;40079.212;688691.867;Indústria
2021;MG;3168200;Tapiraí;31754.027;1586.054;8740.518;12889.62;56049.629;Agropecuária
2021;MG;3168309;Taquaraçu de Minas;7554.998;7523.628;21954.291;25191.426;65922.909;Adm. Pública
2021;MG;3168408;Tarumirim;27694.094;7833.511;72973.962;70875.291;188289.065;Serviços
2021;MG;3168507;Teixeiras;23938.642;27362.0;71403.333;58481.277;191264.35;Serviços
2021;MG;3168606;Teófilo Otoni;90726.949;368265.853;1572586.047;647157.249;2952019.65;Serviços
2021;MG;3168705;Timóteo;1663.028;3162255.453;1274688.917;442652.786;5609602.225;Indústria
2021;MG;3168804;Tiradentes;7230.271;15278.95;123434.623;43724.092;205615.225;Serviços
2021;MG;3168903;Tiros;169944.474;38271.302;100123.883;38623.665;379852.3;Agropecuária
2021;MG;3169000;Tocantins;40130.631;57261.407;140103.324;77606.082;349350.947;Serviços
2021;MG;3169059;Tocos do Moji;23532.427;2741.98;18254.528;23149.971;70715.39;Agropecuária
2021;MG;3169109;Toledo;13213.966;14035.49;39178.342;32624.74;107093.19;Serviços
2021;MG;3169208;Tombos;19242.448;5127.12;58357.587;39174.392;130946.218;Serviços
2021;MG;3169307;Três Corações;338109.112;574566.746;1214229.931;387298.328;2958951.736;Serviços
2021;MG;3169356;Três Marias;88354.732;1955241.214;518394.198;187869.802;3149734.427;Indústria
2021;MG;3169406;Três Pontas;212415.253;340730.783;787808.42;289132.531;1877754.237;Serviços
2021;MG;3169505;Tumiritinga;15728.524;3601.183;25049.405;35959.916;83257.787;Adm. Pública
2021;MG;3169604;Tupaciguara;281661.343;114783.928;318971.207;150621.767;946265.629;Serviços
2021;MG;3169703;Turmalina;148130.565;31919.026;134106.601;99697.389;443537.432;Agropecuária
2021;MG;3169802;Turvolândia;63352.406;7277.446;34511.903;27771.645;139822.548;Agropecuária
2021;MG;3169901;Ubá;32833.064;1147838.342;1454739.845;471427.766;3557763.689;Serviços
2021;MG;3170008;Ubaí;14434.09;4894.926;33248.239;60413.297;117186.953;Adm. Pública
2021;MG;3170057;Ubaporanga;36452.759;9771.274;52903.021;59354.842;167976.02;Adm. Pública
2021;MG;3170107;Uberaba;1425496.267;6118665.149;8032967.927;1692887.145;20384264.564;Serviços
2021;MG;3170206;Uberlândia;921226.956;10480987.392;19165043.975;3263020.591;43030884.689;Serviços
2021;MG;3170305;Umburatiba;12797.808;1665.083;10247.662;17781.657;44152.354;Adm. Pública
2021;MG;3170404;Unaí;1610992.129;323430.878;1531685.217;468304.096;4316723.443;Agropecuária
2021;MG;3170438;União de Minas;70426.071;5611.567;25413.997;24363.882;130399.803;Agropecuária
2021;MG;3170479;Uruana de Minas;47064.763;2773.766;21731.4;21944.223;97089.356;Agropecuária
2021;MG;3170503;Urucânia;29697.451;60153.722;72463.888;52717.23;239903.93;Serviços
2021;MG;3170529;Urucuia;51769.682;6254.286;42568.177;83900.821;193217.875;Adm. Pública
2021;MG;3170578;Vargem Alegre;4868.037;3690.301;29931.009;33414.777;77359.483;Adm. Pública
2021;MG;3170602;Vargem Bonita;43269.449;3672.907;18980.083;18793.381;87623.596;Agropecuária
2021;MG;3170651;Vargem Grande do Rio Pardo;18491.158;4547.651;14061.441;29016.715;68131.958;Adm. Pública
2021;MG;3170701;Varginha;88572.386;1549368.071;3920605.765;692369.591;8093503.912;Serviços
2021;MG;3170750;Varjão de Minas;180398.239;24952.534;61326.74;40012.341;316497.73;Agropecuária
2021;MG;3170800;Várzea da Palma;101081.775;337261.192;274962.512;194590.212;1087380.297;Indústria
2021;MG;3170909;Varzelândia;8896.598;6773.687;66722.446;94603.138;187195.121;Adm. Pública
2021;MG;3171006;Vazante;294441.928;367935.471;290234.437;109656.819;1168799.631;Indústria
2021;MG;3171030;Verdelândia;37018.409;3989.57;22179.111;47502.18;115439.653;Adm. Pública
2021;MG;3171071;Veredinha;55821.792;20819.504;21530.452;31254.774;133099.679;Agropecuária
2021;MG;3171105;Veríssimo;101521.89;6842.057;29145.715;27857.317;170415.753;Agropecuária
2021;MG;3171154;Vermelho Novo;20749.689;1582.791;13932.861;26147.33;64212.469;Adm. Pública
2021;MG;3171204;Vespasiano;1174.034;778990.42;1058228.42;643295.152;3019113.566;Serviços
2021;MG;3171303;Viçosa;31309.695;187266.108;1038353.66;385851.511;1811350.039;Serviços
2021;MG;3171402;Vieiras;15002.287;1941.705;12068.629;22820.868;53435.529;Adm. Pública
2021;MG;3171501;Mathias Lobato;5449.615;1681.902;13791.93;20606.437;43983.398;Adm. Pública
2021;MG;3171600;Virgem da Lapa;9139.914;5391.819;45273.346;65480.796;131570.486;Adm. Pública
2021;MG;3171709;Virgínia;52052.22;5259.913;75225.112;40099.865;180395.822;Serviços
2021;MG;3171808;Virginópolis;32383.096;6483.463;80290.054;52832.213;183971.884;Serviços
2021;MG;3171907;Virgolândia;12538.246;1957.179;16520.725;29709.818;62673.43;Adm. Pública
2021;MG;3172004;Visconde do Rio Branco;16196.996;458734.18;491857.552;200483.297;1349239.473;Serviços
2021;MG;3172103;Volta Grande;12821.418;30384.269;43601.607;30739.844;139852.42;Serviços
2021;MG;3172202;Wenceslau Braz;5987.726;2510.281;7547.082;15243.75;33069.628;Adm. Pública
2021;ES;3200102;Afonso Cláudio;128586.908;48979.656;196277.678;157075.061;569778.046;Serviços
2021;ES;3200136;Águia Branca;69292.967;23925.046;75295.943;56113.923;246002.446;Serviços
2021;ES;3200169;Água Doce do Norte;35850.465;26076.813;51037.666;61241.195;184399.688;Adm. Pública
2021;ES;3200201;Alegre;72353.453;133957.364;201941.773;134753.986;575149.145;Serviços
2021;ES;3200300;Alfredo Chaves;100174.554;91659.178;140580.336;82615.745;457722.918;Serviços
2021;ES;3200359;Alto Rio Novo;26348.147;5259.733;30857.88;45621.751;113032.919;Adm. Pública
2021;ES;3200409;Anchieta;40268.586;4238345.458;1094528.302;250852.84;5764186.103;Indústria
2021;ES;3200508;Apiacá;19530.803;5834.122;38434.154;43500.361;118191.414;Adm. Pública
2021;ES;3200607;Aracruz;79985.592;2627038.5;1304697.183;566579.569;5313108.839;Indústria
2021;ES;3200706;Atílio Vivácqua;21920.219;94298.25;105393.433;73985.013;360868.696;Serviços
2021;ES;3200805;Baixo Guandu;52844.137;382634.566;258169.008;166346.586;928257.93;Indústria
2021;ES;3200904;Barra de São Francisco;75624.136;341416.461;401364.324;219844.991;1164996.859;Serviços
2021;ES;3201001;Boa Esperança;65207.679;15183.256;93095.472;78859.734;271045.672;Serviços
2021;ES;3201100;Bom Jesus do Norte;5936.116;22484.189;82834.013;55792.114;186829.835;Serviços
2021;ES;3201159;Brejetuba;128968.5;19827.877;66139.794;66767.679;294748.857;Agropecuária
2021;ES;3201209;Cachoeiro de Itapemirim;80565.191;1531964.991;2727955.766;1000413.851;6146964.834;Serviços
2021;ES;3201308;Cariacica;20821.459;1673109.587;5874895.229;1581488.277;13698898.983;Serviços
2021;ES;3201407;Castelo;112137.411;279117.427;421756.878;198043.097;1170583.934;Serviços
2021;ES;3201506;Colatina;127942.893;1130283.05;1964294.275;657832.221;4378290.192;Serviços
2021;ES;3201605;Conceição da Barra;103950.844;91797.693;177039.948;178808.634;607064.319;Adm. Pública
2021;ES;3201704;Conceição do Castelo;59572.226;26593.867;101683.197;68410.253;279074.054;Serviços
2021;ES;3201803;Divino de São Lourenço;27969.516;5004.985;18413.791;27877.369;82577.364;Agropecuária
2021;ES;3201902;Domingos Martins;172884.295;149378.538;388190.985;172279.008;957718.297;Serviços
2021;ES;3202009;Dores do Rio Preto;36571.141;17224.48;54085.533;39154.181;159783.6;Serviços
2021;ES;3202108;Ecoporanga;99785.908;60073.449;115312.608;116655.452;411088.445;Adm. Pública
2021;ES;3202207;Fundão;37339.343;108012.927;159506.732;115714.441;468483.499;Serviços
2021;ES;3202256;Governador Lindenberg;92537.543;45066.834;104214.333;68029.294;334325.449;Serviços
2021;ES;3202306;Guaçuí;65179.547;71128.691;275429.19;151368.272;612498.648;Serviços
2021;ES;3202405;Guarapari;69328.596;290340.324;1317713.879;616119.939;2537476.766;Serviços
2021;ES;3202454;Ibatiba;73201.907;24132.998;186581.089;128087.485;450082.553;Serviços
2021;ES;3202504;Ibiraçu;23513.128;34932.231;133339.188;67947.206;289513.435;Serviços
2021;ES;3202553;Ibitirama;48474.155;6686.423;54668.477;49792.065;171979.73;Serviços
2021;ES;3202603;Iconha;37238.329;21508.874;125767.16;80499.542;314848.52;Serviços
2021;ES;3202652;Irupi;46941.843;10059.894;88375.356;71788.149;236221.447;Serviços
2021;ES;3202702;Itaguaçu;115468.826;18170.374;98504.711;75735.023;325863.566;Agropecuária
2021;ES;3202801;Itapemirim;116500.067;4062152.033;1096314.241;362083.728;5744177.305;Indústria
2021;ES;3202900;Itarana;46591.77;60745.196;85187.509;55592.17;266024.672;Serviços
2021;ES;3203007;Iúna;108434.873;22510.045;223170.189;141092.296;538441.533;Serviços
2021;ES;3203056;Jaguaré;163642.108;295450.711;271762.813;174901.794;963633.34;Indústria
2021;ES;3203106;Jerônimo Monteiro;28310.207;9900.556;59802.545;63432.263;172122.219;Adm. Pública
2021;ES;3203130;João Neiva;19124.877;276758.868;185713.943;81755.797;646256.71;Indústria
2021;ES;3203163;Laranja da Terra;62444.669;9953.804;46524.65;57204.532;187685.628;Agropecuária
2021;ES;3203205;Linhares;393610.651;2824724.398;2710141.01;965162.278;8036036.677;Indústria
2021;ES;3203304;Mantenópolis;54083.14;9230.343;53819.606;76818.814;203072.901;Adm. Pública
2021;ES;3203320;Marataízes;114907.822;4862745.295;1268542.697;323783.419;6659690.622;Indústria
2021;ES;3203346;Marechal Floriano;83746.499;57053.337;213556.293;98369.755;516899.514;Serviços
2021;ES;3203353;Marilândia;78311.047;26992.736;107970.905;75847.967;312889.98;Serviços
2021;ES;3203403;Mimoso do Sul;113097.094;92517.961;222305.143;125940.366;607403.058;Serviços
2021;ES;3203502;Montanha;90056.431;30798.63;148942.346;104168.154;410502.145;Serviços
2021;ES;3203601;Mucurici;35329.424;3851.807;19684.859;34609.8;96747.778;Agropecuária
2021;ES;3203700;Muniz Freire;124245.474;24597.843;113472.429;96173.093;383337.009;Agropecuária
2021;ES;3203809;Muqui;45675.912;9767.754;84727.29;80364.593;234317.944;Serviços
2021;ES;3203908;Nova Venécia;159006.018;167080.267;611875.025;253894.083;1339628.557;Serviços
2021;ES;3204005;Pancas;114609.064;17310.869;97358.448;112465.531;358499.114;Agropecuária
2021;ES;3204054;Pedro Canário;64847.097;54674.919;126226.115;132757.889;401434.566;Adm. Pública
2021;ES;3204104;Pinheiros;155893.549;169643.916;271398.079;149418.348;861688.77;Serviços
2021;ES;3204203;Piúma;19956.606;445226.209;249354.291;124900.552;876047.63;Indústria
2021;ES;3204252;Ponto Belo;23055.206;5507.693;29474.082;44643.189;107547.265;Adm. Pública
2021;ES;3204302;Presidente Kennedy;79635.721;5314481.342;1210278.626;147663.031;6811823.205;Indústria
2021;ES;3204351;Rio Bananal;175742.674;41861.657;151292.969;112715.165;525681.107;Agropecuária
2021;ES;3204401;Rio Novo do Sul;24299.711;49109.121;69442.069;62273.134;229880.925;Serviços
2021;ES;3204500;Santa Leopoldina;117176.061;87154.095;56320.18;59920.472;330157.047;Agropecuária
2021;ES;3204559;Santa Maria de Jetibá;763735.756;99789.799;416144.111;233159.055;1631411.538;Agropecuária
2021;ES;3204609;Santa Teresa;119838.975;38902.663;243491.846;125595.986;577198.455;Serviços
2021;ES;3204658;São Domingos do Norte;55152.365;116234.009;69996.879;50699.012;331338.381;Indústria
2021;ES;3204708;São Gabriel da Palha;90351.499;100421.035;323503.999;181266.447;762077.91;Serviços
2021;ES;3204807;São José do Calçado;26777.123;42192.59;63285.264;58880.734;203594.089;Serviços
2021;ES;3204906;São Mateus;365620.981;393964.124;1231894.716;657970.011;2947650.103;Serviços
2021;ES;3204955;São Roque do Canaã;46456.677;23934.52;77020.844;61346.329;228984.853;Serviços
2021;ES;3205002;Serra;34538.545;13151397.535;13219109.741;2403064.842;37279144.225;Serviços
2021;ES;3205010;Sooretama;108934.098;147048.116;173141.853;167169.596;667553.731;Serviços
2021;ES;3205036;Vargem Alta;47529.558;99401.195;130339.903;104647.683;430103.26;Serviços
2021;ES;3205069;Venda Nova do Imigrante;77227.321;78059.85;332824.579;130696.52;702150.382;Serviços
2021;ES;3205101;Viana;23017.283;586588.828;2057973.985;376829.234;4227430.22;Serviços
2021;ES;3205150;Vila Pavão;48464.066;24917.336;43543.829;53459.464;180641.332;Adm. Pública
2021;ES;3205176;Vila Valério;168987.518;24505.154;129708.18;81636.33;434063.613;Agropecuária
2021;ES;3205200;Vila Velha;25394.576;2493630.003;8047895.387;2136750.02;16305900.564;Serviços
2021;ES;3205309;Vitória;26153.77;9518402.708;13651258.406;1995343.806;31423977.893;Serviços
2021;RJ;3300100;Angra dos Reis;60857.099;3331322.385;4796224.935;1921437.991;11194156.559;Serviços
2021;RJ;3300159;Aperibé;9386.796;13598.342;85160.834;121490.989;249118.566;Adm. Pública
2021;RJ;3300209;Araruama;59720.946;1071336.057;1557778.1;1183055.339;4234216.841;Serviços
2021;RJ;3300225;Areal;4394.159;89807.921;123296.226;134994.427;427436.369;Adm. Pública
2021;RJ;3300233;Armação dos Búzios;12585.504;1181356.021;1165231.458;478879.548;2970296.615;Indústria
2021;RJ;3300258;Arraial do Cabo;22382.215;1510707.133;713995.074;387018.786;2705449.583;Indústria
2021;RJ;3300308;Barra do Piraí;47238.386;540720.293;1047621.072;776395.591;2713889.71;Serviços
2021;RJ;3300407;Barra Mansa;70860.157;1292422.94;2974215.604;1419176.464;6449269.604;Serviços
2021;RJ;3300456;Belford Roxo;3708.386;1047938.144;3073704.556;3675975.987;8839736.389;Adm. Pública
2021;RJ;3300506;Bom Jardim;105463.985;184754.56;252072.86;232367.879;887295.416;Serviços
2021;RJ;3300605;Bom Jesus do Itabapoana;55743.465;98642.213;356687.373;303932.513;908156.381;Serviços
2021;RJ;3300704;Cabo Frio;58007.433;5375421.693;4224059.16;2170099.276;12359509.137;Indústria
2021;RJ;3300803;Cachoeiras de Macacu;65695.617;255650.943;381961.409;478957.336;1305498.488;Adm. Pública
2021;RJ;3300902;Cambuci;73845.404;37281.847;86935.641;142742.309;399846.596;Adm. Pública
2021;RJ;3300936;Carapebus;13339.16;339636.538;152591.053;199124.84;726756.04;Indústria
2021;RJ;3300951;Comendador Levy Gasparian;6122.017;320228.42;126735.449;93081.154;603969.248;Indústria
2021;RJ;3301009;Campos dos Goytacazes;368934.687;20380239.651;10854516.945;4146074.696;37179716.335;Indústria
2021;RJ;3301108;Cantagalo;40421.996;345749.119;199715.72;183182.826;841412.936;Indústria
2021;RJ;3301157;Cardoso Moreira;28953.358;88349.217;107689.387;126984.003;395475.741;Adm. Pública
2021;RJ;3301207;Carmo;24934.488;139478.445;160746.151;167812.025;561273.169;Adm. Pública
2021;RJ;3301306;Casimiro de Abreu;13478.889;1173401.423;633038.038;449948.453;2352144.561;Indústria
2021;RJ;3301405;Conceição de Macabu;21308.018;15760.834;151145.449;208677.673;434134.758;Adm. Pública
2021;RJ;3301504;Cordeiro;7437.569;49845.241;174130.586;195070.098;456167.744;Adm. Pública
2021;RJ;3301603;Duas Barras;30631.347;18051.237;57926.617;113347.251;249214.314;Adm. Pública
2021;RJ;3301702;Duque de Caxias;18006.44;14779159.528;22667493.287;6868695.121;53136503.853;Serviços
2021;RJ;3301801;Engenheiro Paulo de Frontin;10992.981;88645.314;100096.31;158195.698;406734.577;Adm. Pública
2021;RJ;3301850;Guapimirim;29282.937;223701.065;444455.77;545712.962;1363991.779;Adm. Pública
2021;RJ;3301876;Iguaba Grande;2797.506;44762.315;243317.527;302782.453;631392.527;Adm. Pública
2021;RJ;3301900;Itaboraí;17168.638;649530.342;2458230.305;1934955.551;5640678.05;Serviços
2021;RJ;3302007;Itaguaí;18783.072;769960.539;7105404.589;1321063.881;10502682.395;Serviços
2021;RJ;3302056;Italva;26676.754;89144.195;119032.748;149211.532;418758.834;Adm. Pública
2021;RJ;3302106;Itaocara;68679.306;48108.106;242847.078;201692.333;635888.195;Serviços
2021;RJ;3302205;Itaperuna;79777.546;485132.486;1639582.821;867881.671;3394940.342;Serviços
2021;RJ;3302254;Itatiaia;6491.814;2061682.37;2020747.964;367452.453;6893408.051;Indústria
2021;RJ;3302270;Japeri;7290.121;206299.685;385261.743;806364.68;1530183.077;Adm. Pública
2021;RJ;3302304;Laje do Muriaé;14212.822;28742.379;40637.515;82365.421;184160.12;Adm. Pública
2021;RJ;3302403;Macaé;75525.085;5538018.159;6094385.138;3278109.08;17746786.572;Serviços
2021;RJ;3302452;Macuco;5304.922;47804.787;67230.053;68517.764;214869.911;Adm. Pública
2021;RJ;3302502;Magé;65817.514;536853.667;1854238.195;1976050.184;4765780.915;Adm. Pública
2021;RJ;3302601;Mangaratiba;20400.947;126011.188;2297224.181;567752.284;3211861.002;Serviços
2021;RJ;3302700;Maricá;16520.363;65616070.066;17609583.685;1814113.726;85814187.756;Indústria
2021;RJ;3302809;Mendes;939.806;26113.89;146101.977;155437.071;357688.323;Adm. Pública
2021;RJ;3302858;Mesquita;3242.943;155038.935;1087344.202;1210339.945;2619211.853;Adm. Pública
2021;RJ;3302908;Miguel Pereira;7242.206;43356.213;285302.877;247383.414;632497.683;Serviços
2021;RJ;3303005;Miracema;22295.337;88399.289;236858.677;254490.026;662180.113;Adm. Pública
2021;RJ;3303104;Natividade;24160.44;16293.048;116998.23;134787.599;324260.528;Adm. Pública
2021;RJ;3303203;Nilópolis;0.0;164557.87;1464885.746;1197484.501;3059458.706;Serviços
2021;RJ;3303302;Niterói;26399.158;37156046.821;21273203.344;4927303.291;66345487.878;Indústria
2021;RJ;3303401;Nova Friburgo;130267.26;768814.959;3169021.617;1593899.738;6324876.969;Serviços
2021;RJ;3303500;Nova Iguaçu;8260.837;1523118.271;8460464.117;6080466.981;17794451.52;Serviços
2021;RJ;3303609;Paracambi;3200.244;271412.732;390394.043;400966.875;1162874.727;Adm. Pública
2021;RJ;3303708;Paraíba do Sul;63636.235;214270.334;431401.065;382242.634;1253016.761;Serviços
2021;RJ;3303807;Paraty;39520.499;590950.591;768102.577;433764.945;1955280.105;Serviços
2021;RJ;3303856;Paty do Alferes;61123.996;58523.863;222052.899;256658.104;684851.12;Adm. Pública
2021;RJ;3303906;Petrópolis;70958.062;4742115.778;6527993.099;2449274.05;15665370.158;Serviços
2021;RJ;3303955;Pinheiral;5733.826;854984.009;264407.014;222240.107;1452638.311;Indústria
2021;RJ;3304003;Piraí;21162.993;1361263.749;473852.662;306428.945;2449973.157;Indústria
2021;RJ;3304102;Porciúncula;35016.19;44362.714;125927.726;167715.993;415942.606;Adm. Pública
2021;RJ;3304110;Porto Real;4901.995;1749294.037;885165.369;246631.265;4245725.384;Indústria
2021;RJ;3304128;Quatis;23188.926;14589.82;105542.44;126624.528;305010.131;Adm. Pública
2021;RJ;3304144;Queimados;3473.209;865867.702;1737451.289;1185104.288;4361683.666;Serviços
2021;RJ;3304151;Quissamã;33196.838;4343046.807;1194813.736;352484.306;5996886.398;Indústria
2021;RJ;3304201;Resende;60058.698;3265316.818;3575569.59;1201112.443;10754357.172;Serviços
2021;RJ;3304300;Rio Bonito;30006.391;119708.215;898749.9;546259.372;1831391.413;Serviços
2021;RJ;3304409;Rio Claro;56892.526;18294.036;106627.973;200234.636;435959.322;Adm. Pública
2021;RJ;3304508;Rio das Flores;18060.055;81192.079;61797.917;109023.374;294383.587;Adm. Pública
2021;RJ;3304524;Rio das Ostras;14233.596;4259838.757;2610549.8;1513778.902;8948996.273;Indústria
2021;RJ;3304557;Rio de Janeiro;111266.985;45685918.362;177540660.78;56970406.096;359632647.656;Serviços
2021;RJ;3304607;Santa Maria Madalena;25373.392;7959.296;61965.169;115158.652;234575.115;Adm. Pública
2021;RJ;3304706;Santo Antônio de Pádua;56172.801;259722.249;483614.311;344484.905;1284632.206;Serviços
2021;RJ;3304755;São Francisco de Itabapoana;283618.701;47880.278;269086.372;387399.9;1184513.238;Adm. Pública
2021;RJ;3304805;São Fidélis;63649.845;68308.879;296012.314;334508.087;845178.453;Adm. Pública
2021;RJ;3304904;São Gonçalo;81571.441;2003952.619;8725171.062;7670627.573;20324752.154;Serviços
2021;RJ;3305000;São João da Barra;59303.834;4636444.228;4061566.671;415544.336;9886848.907;Indústria
2021;RJ;3305109;São João de Meriti;1479.652;445897.327;4304904.583;3376911.548;8963715.545;Serviços
2021;RJ;3305133;São José de Ubá;40933.024;8751.055;41902.825;75323.204;196857.495;Adm. Pública
2021;RJ;3305158;São José do Vale do Rio Preto;190493.989;52484.054;152135.8;207041.837;744333.908;Adm. Pública
2021;RJ;3305208;São Pedro da Aldeia;41301.144;305668.212;1231133.019;830241.608;2743637.366;Serviços
2021;RJ;3305307;São Sebastião do Alto;42037.65;7674.043;45944.133;114236.74;241281.134;Adm. Pública
2021;RJ;3305406;Sapucaia;43377.664;197878.695;395229.053;164784.03;1000567.276;Serviços
2021;RJ;3305505;Saquarema;22406.714;31852883.027;8961974.001;921585.542;42178159.132;Indústria
2021;RJ;3305554;Seropédica;18302.562;666093.867;2493578.982;743217.834;4777005.423;Serviços
2021;RJ;3305604;Silva Jardim;48909.047;91998.795;147440.732;255792.554;602627.267;Adm. Pública
2021;RJ;3305703;Sumidouro;197886.865;28706.879;91182.695;147972.549;600249.613;Agropecuária
2021;RJ;3305752;Tanguá;17471.851;46115.703;250445.494;324058.049;694534.307;Adm. Pública
2021;RJ;3305802;Teresópolis;360916.714;540709.311;2896452.996;1484732.549;5923899.314;Serviços
2021;RJ;3305901;Trajano de Moraes;33405.36;7802.012;57835.078;116037.197;242013.252;Adm. Pública
2021;RJ;3306008;Três Rios;17386.137;2831277.028;1907627.126;743762.334;6348139.819;Indústria
2021;RJ;3306107;Valença;71900.303;1166620.418;980434.78;614179.248;3122592.298;Indústria
2021;RJ;3306156;Varre-Sai;45669.435;14616.55;56643.268;108067.443;264148.878;Adm. Pública
2021;RJ;3306206;Vassouras;36232.678;222718.603;578648.908;353439.827;1321254.423;Serviços
2021;RJ;3306305;Volta Redonda;8048.146;8507258.565;5640206.197;2245477.459;19671203.292;Indústria
2021;SP;3500105;Adamantina;54224.142;178323.41;785582.034;228217.171;1370865.929;Serviços
2021;SP;3500204;Adolfo;22826.148;17782.937;42622.327;27140.209;115489.988;Serviços
2021;SP;3500303;Aguaí;121795.919;358840.73;437984.526;151739.51;1314737.257;Serviços
2021;SP;3500402;Águas da Prata;25096.376;25550.804;106278.688;36922.718;209003.992;Serviços
2021;SP;3500501;Águas de Lindóia;10298.965;41438.678;372529.721;114950.716;585603.941;Serviços
2021;SP;3500550;Águas de Santa Bárbara;70378.677;9944.378;82958.154;41021.111;217295.581;Serviços
2021;SP;3500600;Águas de São Pedro;0.0;8858.841;98194.675;31514.802;147855.135;Serviços
2021;SP;3500709;Agudos;85373.367;1120495.303;780808.117;207612.863;2638622.611;Indústria
2021;SP;3500758;Alambari;35450.074;11402.717;42753.369;32355.482;129389.561;Serviços
2021;SP;3500808;Alfredo Marcondes;9081.353;21154.99;35648.145;24617.494;120354.905;Serviços
2021;SP;3500907;Altair;48058.627;5048.541;24150.276;29230.491;112274.385;Agropecuária
2021;SP;3501004;Altinópolis;386045.395;28793.595;296402.138;82123.3;833396.279;Agropecuária
2021;SP;3501103;Alto Alegre;38450.218;7851.695;34981.123;26679.913;113584.879;Agropecuária
2021;SP;3501152;Alumínio;1155.379;2236917.868;793351.243;117203.345;3982313.077;Indústria
2021;SP;3501202;Álvares Florence;60047.108;4639.805;30252.83;25587.09;124350.991;Agropecuária
2021;SP;3501301;Álvares Machado;43126.087;121125.549;335572.053;111961.378;709875.985;Serviços
2021;SP;3501400;Álvaro de Carvalho;11040.51;2988.031;19064.229;23331.816;58586.473;Adm. Pública
2021;SP;3501509;Alvinlândia;14785.63;3008.25;17207.521;21289.36;58404.989;Adm. Pública
2021;SP;3501608;Americana;14187.998;4499621.881;7144793.007;1169763.33;15217279.783;Serviços
2021;SP;3501707;Américo Brasiliense;21524.539;363182.168;506588.317;206818.123;1230443.649;Serviços
2021;SP;3501806;Américo de Campos;38291.032;3852.177;46794.721;33232.582;126802.294;Serviços
2021;SP;3501905;Amparo;120904.072;2105977.151;1830744.15;372174.994;5152155.514;Indústria
2021;SP;3502002;Analândia;46530.602;55494.842;61449.911;35351.738;208314.004;Serviços
2021;SP;3502101;Andradina;170531.469;808159.873;1295767.928;297745.612;2845285.223;Serviços
2021;SP;3502200;Angatuba;198300.809;508780.547;497926.495;127711.898;1474152.0;Indústria
2021;SP;3502309;Anhembi;56225.58;19234.224;44275.513;38943.673;169558.184;Agropecuária
2021;SP;3502408;Anhumas;42784.181;7637.856;26549.261;25164.508;105620.787;Agropecuária
2021;SP;3502507;Aparecida;3002.998;39568.222;762868.88;183286.905;1041067.256;Serviços
2021;SP;3502606;Aparecida d'Oeste;27847.111;38503.623;49290.585;24954.089;151539.639;Serviços
2021;SP;3502705;Apiaí;259420.988;190903.342;257956.291;116332.264;897712.778;Agropecuária
2021;SP;3502754;Araçariguama;1760.733;1504367.05;2112508.413;135830.003;4814503.906;Serviços
2021;SP;3502804;Araçatuba;136998.286;1312463.577;5822666.385;803250.216;9017953.471;Serviços
2021;SP;3502903;Araçoiaba da Serra;29828.131;358400.839;522977.879;167090.539;1205883.673;Serviços
2021;SP;3503000;Aramina;27475.441;3773.778;76856.653;29777.843;150276.697;Serviços
2021;SP;3503109;Arandu;92862.428;9501.675;50612.103;35295.107;194817.975;Agropecuária
2021;SP;3503158;Arapeí;2768.908;1887.547;17210.205;21324.697;45568.033;Adm. Pública
2021;SP;3503208;Araraquara;124542.96;2194729.915;6924500.954;1257072.962;11953237.471;Serviços
2021;SP;3503307;Araras;174528.66;1569122.471;3673554.205;611475.853;6942567.272;Serviços
2021;SP;3503356;Arco-Íris;28248.212;3645.73;13120.455;14986.793;62095.903;Agropecuária
2021;SP;3503406;Arealva;66917.908;18060.968;87290.859;41911.349;227079.326;Serviços
2021;SP;3503505;Areias;8333.767;1480.002;19688.428;26213.31;58113.412;Adm. Pública
2021;SP;3503604;Areiópolis;22630.239;12987.426;65257.559;53409.163;163060.489;Serviços
2021;SP;3503703;Ariranha;22472.846;198111.9;676702.037;52038.896;1136911.24;Serviços
2021;SP;3503802;Artur Nogueira;207404.495;318941.386;689121.712;248271.341;1721737.239;Serviços
2021;SP;3503901;Arujá;44134.148;1393204.769;4787584.375;456647.894;8293370.162;Serviços
2021;SP;3503950;Aspásia;10329.13;2056.231;11473.173;14201.728;39545.858;Adm. Pública
2021;SP;3504008;Assis;56956.795;675200.021;2381900.859;491705.084;4082515.789;Serviços
2021;SP;3504107;Atibaia;305859.573;1833695.583;4034661.197;744743.295;8361032.444;Serviços
2021;SP;3504206;Auriflama;36448.745;40184.864;189741.791;69482.265;358543.955;Serviços
2021;SP;3504305;Avaí;249016.016;11779.377;71769.962;33327.197;376093.832;Agropecuária
2021;SP;3504404;Avanhandava;38333.36;7235.928;81275.776;62365.673;199389.023;Serviços
2021;SP;3504503;Avaré;154849.966;483492.486;1879750.021;428688.601;3278921.999;Serviços
2021;SP;3504602;Bady Bassitt;19642.938;82367.89;305637.979;92624.609;551848.518;Serviços
2021;SP;3504701;Balbinos;16589.312;4811.167;13341.383;28648.209;65400.429;Adm. Pública
2021;SP;3504800;Bálsamo;37092.377;46855.998;122318.312;44542.767;278641.735;Serviços
2021;SP;3504909;Bananal;11795.709;36130.381;93761.83;59069.421;216018.384;Serviços
2021;SP;3505005;Barão de Antonina;28042.81;2887.531;21294.932;20522.39;74956.416;Agropecuária
2021;SP;3505104;Barbosa;13932.561;4509.921;49617.647;34220.36;109124.812;Serviços
2021;SP;3505203;Bariri;88983.09;426105.012;723694.352;179472.67;1623405.551;Serviços
2021;SP;3505302;Barra Bonita;20125.292;405060.551;732206.507;181639.088;1515652.893;Serviços
2021;SP;3505351;Barra do Chapéu;70754.163;4986.453;25568.106;27781.296;133738.024;Agropecuária
2021;SP;3505401;Barra do Turvo;5097.223;5416.054;60596.92;42933.558;125820.885;Serviços
2021;SP;3505500;Barretos;251329.34;1315471.882;3146637.758;625247.805;5903515.961;Serviços
2021;SP;3505609;Barrinha;30338.226;112693.333;272051.402;165926.345;624816.297;Serviços
2021;SP;3505708;Barueri;464.12;5741034.37;36185003.015;2282410.141;58027666.618;Serviços
2021;SP;3505807;Bastos;461927.562;123142.997;306440.458;110153.086;1067216.916;Agropecuária
2021;SP;3505906;Batatais;200057.769;532695.391;1109478.862;309286.69;2416802.575;Serviços
2021;SP;3506003;Bauru;49289.643;2524991.881;10733608.532;1570814.18;16721368.423;Serviços
2021;SP;3506102;Bebedouro;117188.252;535906.051;2466710.36;370865.661;4080484.537;Serviços
2021;SP;3506201;Bento de Abreu;36684.157;77654.509;53272.578;22863.965;210459.776;Indústria
2021;SP;3506300;Bernardino de Campos;37651.106;75862.582;169941.979;58597.339;377950.244;Serviços
2021;SP;3506359;Bertioga;8254.705;141038.881;1318462.442;454875.988;2067677.07;Serviços
2021;SP;3506409;Bilac;124813.102;10506.76;103764.105;37895.962;292576.746;Agropecuária
2021;SP;3506508;Birigui;80294.46;720788.391;2179371.339;547944.686;3947388.396;Serviços
2021;SP;3506607;Biritiba Mirim;471703.726;46492.911;280352.889;132717.148;971015.868;Agropecuária
2021;SP;3506706;Boa Esperança do Sul;98617.081;33976.541;144513.832;77746.827;380753.261;Serviços
2021;SP;3506805;Bocaina;43685.843;33095.832;111188.154;71175.229;281963.936;Serviços
2021;SP;3506904;Bofete;33004.035;24084.799;84052.911;57485.84;212434.109;Serviços
2021;SP;3507001;Boituva;29902.417;1115746.09;1412349.422;331520.89;3393228.685;Serviços
2021;SP;3507100;Bom Jesus dos Perdões;14056.192;575826.055;524790.85;114518.447;1463036.18;Indústria
2021;SP;3507159;Bom Sucesso de Itararé;5368.545;12078.165;19547.589;23248.737;63856.52;Adm. Pública
2021;SP;3507209;Borá;13495.84;23466.937;19787.573;11528.515;74195.054;Indústria
2021;SP;3507308;Boracéia;25545.06;193575.27;204730.266;28494.395;519153.445;Serviços
2021;SP;3507407;Borborema;115708.776;37147.716;242451.536;81903.718;518182.236;Serviços
2021;SP;3507456;Borebi;22761.505;3665.512;20404.136;22310.19;73943.332;Agropecuária
2021;SP;3507506;Botucatu;165588.281;1498002.597;3160156.426;550504.369;5979359.062;Serviços
2021;SP;3507605;Bragança Paulista;99838.174;1987758.259;3946313.675;748675.698;7954300.053;Serviços
2021;SP;3507704;Braúna;36630.741;6689.06;43388.546;29032.923;120686.813;Serviços
2021;SP;3507753;Brejo Alegre;22314.874;3598.637;24671.31;20677.961;75675.127;Serviços
2021;SP;3507803;Brodowski;93166.358;147133.404;414073.83;134494.493;894830.751;Serviços
2021;SP;3507902;Brotas;109572.985;280079.79;482124.959;131686.685;1123986.566;Serviços
2021;SP;3508009;Buri;225588.326;54818.881;250755.84;99504.385;684130.186;Serviços
2021;SP;3508108;Buritama;72979.446;155316.735;274828.036;82493.996;627565.183;Serviços
2021;SP;3508207;Buritizal;39267.935;119328.791;42011.06;32876.518;244488.126;Indústria
2021;SP;3508306;Cabrália Paulista;25609.109;17340.874;29701.611;25045.665;102881.808;Serviços
2021;SP;3508405;Cabreúva;35185.854;1863557.206;2651030.382;282544.292;5961333.424;Serviços
2021;SP;3508504;Caçapava;23143.72;1890322.691;2018774.412;430221.897;5214553.271;Serviços
2021;SP;3508603;Cachoeira Paulista;19887.221;54496.617;405443.2;156847.736;673632.424;Serviços
2021;SP;3508702;Caconde;249083.086;33498.821;185525.681;83830.762;574394.938;Agropecuária
2021;SP;3508801;Cafelândia;107405.166;170241.413;243593.291;89667.674;682544.49;Serviços
2021;SP;3508900;Caiabu;19484.968;3832.668;20301.493;24116.477;69806.4;Adm. Pública
2021;SP;3509007;Caieiras;4923.69;1735180.595;1894172.878;455744.606;4858858.148;Serviços
2021;SP;3509106;Caiuá;31769.709;2736.099;23348.878;34465.425;96254.924;Adm. Pública
2021;SP;3509205;Cajamar;276.713;2955318.873;14021896.021;497559.69;22713160.274;Serviços
2021;SP;3509254;Cajati;186075.238;621420.512;425561.239;148902.86;1755226.467;Indústria
2021;SP;3509304;Cajobi;23624.544;8703.355;75926.337;52076.02;170916.324;Serviços
2021;SP;3509403;Cajuru;145197.576;127357.841;285864.868;131124.944;761749.163;Serviços
2021;SP;3509452;Campina do Monte Alegre;34383.354;15552.313;57611.072;33231.12;151086.917;Serviços
2021;SP;3509502;Campinas;170416.993;11136729.652;42630095.744;5182393.178;72946910.167;Serviços
2021;SP;3509601;Campo Limpo Paulista;10544.411;737110.229;1038525.602;364156.102;2530950.088;Serviços
2021;SP;3509700;Campos do Jordão;5938.459;131448.569;930238.697;267718.156;1449808.277;Serviços
2021;SP;3509809;Campos Novos Paulista;82320.64;13825.911;58714.153;29105.415;194705.131;Agropecuária
2021;SP;3509908;Cananéia;38790.803;17593.97;119982.166;73959.37;264410.437;Serviços
2021;SP;3509957;Canas;2281.379;19677.572;63843.677;31054.215;130060.455;Serviços
2021;SP;3510005;Cândido Mota;116464.014;229211.85;832948.84;133277.924;1518347.017;Serviços
2021;SP;3510104;Cândido Rodrigues;32513.445;12621.04;36235.48;17585.306;107107.735;Serviços
2021;SP;3510153;Canitar;8454.042;62468.977;47861.798;30588.93;164318.829;Indústria
2021;SP;3510203;Capão Bonito;288352.126;118233.748;550333.294;226304.908;1269097.445;Serviços
2021;SP;3510302;Capela do Alto;43696.438;40582.496;172141.942;106830.584;392353.724;Serviços
2021;SP;3510401;Capivari;60898.208;1045163.303;1086429.183;297785.227;2990809.569;Serviços
2021;SP;3510500;Caraguatatuba;14037.065;976219.397;2522464.931;721398.377;4532235.511;Serviços
2021;SP;3510609;Carapicuíba;331.514;911392.742;3961459.183;1330519.42;6854705.734;Serviços
2021;SP;3510708;Cardoso;81695.869;16170.172;141886.416;66213.221;321119.823;Serviços
2021;SP;3510807;Casa Branca;264213.818;131200.656;508921.118;149670.015;1179141.595;Serviços
2021;SP;3510906;Cássia dos Coqueiros;218852.843;8449.43;40743.244;20775.1;293111.124;Agropecuária
2021;SP;3511003;Castilho;111293.316;532894.123;471492.896;124161.215;1388287.047;Indústria
2021;SP;3511102;Catanduva;53856.422;910267.106;3239255.171;506725.006;5218361.311;Serviços
2021;SP;3511201;Catiguá;22122.727;12343.407;72450.596;35461.173;152901.809;Serviços
2021;SP;3511300;Cedral;37045.843;172293.312;187027.413;54598.596;533104.147;Serviços
2021;SP;3511409;Cerqueira César;107438.999;239459.606;417797.78;93132.469;956913.985;Serviços
2021;SP;3511508;Cerquilho;75194.103;742604.22;931036.135;215221.715;2343905.897;Serviços
2021;SP;3511607;Cesário Lange;62225.298;88444.887;445274.14;90871.279;740569.082;Serviços
2021;SP;3511706;Charqueada;21621.043;174764.359;187873.344;74413.247;515122.578;Serviços
2021;SP;3511904;Clementina;29694.728;23717.113;77579.417;42157.702;186410.592;Serviços
2021;SP;3512001;Colina;81769.326;459502.574;687096.536;112413.987;1541673.004;Serviços
2021;SP;3512100;Colômbia;113624.842;80643.52;94802.617;53138.69;373218.645;Agropecuária
2021;SP;3512209;Conchal;46361.614;238864.193;349403.836;126418.659;859274.273;Serviços
2021;SP;3512308;Conchas;86114.502;32691.414;188775.724;93455.353;432993.289;Serviços
2021;SP;3512407;Cordeirópolis;60273.844;1298662.354;1915957.766;197078.759;4107826.495;Serviços
2021;SP;3512506;Coroados;63907.789;37004.816;68661.543;30611.128;218777.214;Serviços
2021;SP;3512605;Coronel Macedo;65678.684;10818.532;31399.016;28508.377;141157.631;Agropecuária
2021;SP;3512704;Corumbataí;38854.123;19007.579;200435.336;31662.99;345025.593;Serviços
2021;SP;3512803;Cosmópolis;26685.294;652548.775;827086.144;332129.065;2109639.73;Serviços
2021;SP;3512902;Cosmorama;86572.891;139844.676;145772.939;41587.71;506809.049;Serviços
2021;SP;3513009;Cotia;31267.793;3684979.104;7573010.285;1172265.337;16114164.611;Serviços
2021;SP;3513108;Cravinhos;65544.974;463804.461;745529.014;165770.606;1753136.873;Serviços
2021;SP;3513207;Cristais Paulista;154882.564;23523.988;107863.405;43540.115;346565.911;Agropecuária
2021;SP;3513306;Cruzália;23109.825;5099.345;76365.574;17065.842;137663.972;Serviços
2021;SP;3513405;Cruzeiro;12249.688;964748.265;1342170.473;358803.137;3182372.784;Serviços
2021;SP;3513504;Cubatão;1326.057;12465419.7;5836351.934;796868.344;21946471.662;Indústria
2021;SP;3513603;Cunha;46491.364;15695.85;150424.248;98788.033;326362.259;Serviços
2021;SP;3513702;Descalvado;154764.39;606766.077;817834.082;176024.596;2081161.879;Serviços
2021;SP;3513801;Diadema;1127.148;5202146.679;7914093.828;1829677.772;18484355.533;Serviços
2021;SP;3513850;Dirce Reis;9389.9;21193.812;18683.787;13520.937;69826.774;Indústria
2021;SP;3513900;Divinolândia;164414.276;18570.639;232712.139;51368.66;491457.375;Serviços
2021;SP;3514007;Dobrada;15060.78;20855.94;47907.212;42454.53;138926.575;Serviços
2021;SP;3514106;Dois Córregos;111840.072;150386.967;343848.172;124245.704;835299.134;Serviços
2021;SP;3514205;Dolcinópolis;17233.571;2883.359;20071.677;16784.083;58946.794;Serviços
2021;SP;3514304;Dourado;28552.622;314882.638;231733.8;49515.301;802299.144;Indústria
2021;SP;3514403;Dracena;53745.88;200347.816;865879.916;194977.933;1444977.941;Serviços
2021;SP;3514502;Duartina;16210.505;27923.342;130967.207;60937.279;252625.675;Serviços
2021;SP;3514601;Dumont;29209.02;58643.683;154247.591;50164.566;342331.605;Serviços
2021;SP;3514700;Echaporã;34664.062;7770.564;66839.921;32686.551;152431.541;Serviços
2021;SP;3514809;Eldorado;146214.404;12950.934;86045.306;74408.078;329349.074;Agropecuária
2021;SP;3514908;Elias Fausto;101618.804;371413.346;300563.399;96498.853;1004655.097;Indústria
2021;SP;3514924;Elisiário;15319.978;2722.802;29479.387;24234.917;76050.806;Serviços
2021;SP;3514957;Embaúba;11552.23;6253.928;19026.534;18326.03;57200.22;Serviços
2021;SP;3515004;Embu das Artes;397.817;1790455.934;8506889.409;1099631.667;14314753.758;Serviços
2021;SP;3515103;Embu-Guaçu;2757.21;279476.507;590362.95;317595.864;1456125.367;Serviços
2021;SP;3515129;Emilianópolis;25690.611;5697.494;22514.839;22579.865;79174.834;Agropecuária
2021;SP;3515152;Engenheiro Coelho;48387.995;130542.389;301599.581;96102.587;661053.173;Serviços
2021;SP;3515186;Espírito Santo do Pinhal;174806.062;570660.663;907642.998;186864.551;2065823.762;Serviços
2021;SP;3515194;Espírito Santo do Turvo;24141.225;4027.772;30170.034;28650.882;91772.493;Serviços
2021;SP;3515202;Estrela d'Oeste;47013.073;322398.642;252573.626;40625.238;753257.368;Indústria
2021;SP;3515301;Estrela do Norte;19267.693;2896.191;16302.326;20415.055;62446.432;Adm. Pública
2021;SP;3515350;Euclides da Cunha Paulista;35911.63;6392.352;42975.678;45991.363;136498.422;Adm. Pública
2021;SP;3515400;Fartura;97585.466;53953.657;214081.615;77777.763;473712.304;Serviços
2021;SP;3515509;Fernandópolis;83864.046;383335.299;1461339.829;321907.815;2468766.33;Serviços
2021;SP;3515608;Fernando Prestes;61991.458;25277.382;70717.318;33580.899;205593.634;Serviços
2021;SP;3515657;Fernão;36213.35;3402.017;23174.42;14526.132;80954.108;Agropecuária
2021;SP;3515707;Ferraz de Vasconcelos;3345.067;1554618.945;1877666.314;721054.293;4740673.305;Serviços
2021;SP;3515806;Flora Rica;16114.754;1695.894;10249.123;13061.735;42156.144;Agropecuária
2021;SP;3515905;Floreal;29772.115;4783.238;24273.516;19889.238;81886.09;Agropecuária
2021;SP;3516002;Flórida Paulista;53191.975;26834.159;103218.827;68907.19;264841.457;Serviços
2021;SP;3516101;Florínea;35659.459;4959.845;89442.547;22458.78;171948.578;Serviços
2021;SP;3516200;Franca;159928.808;1608561.476;6913824.261;1438920.582;11276086.013;Serviços
2021;SP;3516309;Francisco Morato;657.915;127499.056;988959.398;658442.041;1872466.812;Serviços
2021;SP;3516408;Franco da Rocha;4528.066;1336799.082;1871367.84;607769.478;4297870.725;Serviços
2021;SP;3516507;Gabriel Monteiro;28442.691;16276.463;26511.248;18157.761;93704.899;Agropecuária
2021;SP;3516606;Gália;50283.365;11685.908;67199.592;33852.374;172719.377;Serviços
2021;SP;3516705;Garça;123187.009;217931.225;1045772.679;186022.885;1725227.785;Serviços
2021;SP;3516804;Gastão Vidigal;21817.456;4534.497;31816.826;23337.259;85828.068;Serviços
2021;SP;3516853;Gavião Peixoto;47791.742;739454.245;197164.038;39175.792;1184185.051;Indústria
2021;SP;3516903;General Salgado;55733.829;12628.317;135424.323;53622.205;275099.291;Serviços
2021;SP;3517000;Getulina;74848.338;6035.606;73131.432;53761.451;215987.576;Agropecuária
2021;SP;3517109;Glicério;32201.396;17461.264;39801.549;29046.354;125314.106;Serviços
2021;SP;3517208;Guaiçara;28038.137;32268.427;83097.326;57415.861;232240.952;Serviços
2021;SP;3517307;Guaimbê;26372.233;349668.16;33408.804;25930.348;442961.861;Indústria
2021;SP;3517406;Guaíra;262394.707;911598.262;1011424.379;223190.265;2704845.256;Serviços
2021;SP;3517505;Guapiaçu;68217.484;284893.638;343739.707;94570.406;896415.279;Serviços
2021;SP;3517604;Guapiara;186970.175;50975.556;97990.356;86038.301;439111.528;Agropecuária
2021;SP;3517703;Guará;54094.026;101736.603;298764.004;114425.324;618205.494;Serviços
2021;SP;3517802;Guaraçaí;151152.556;14884.404;99408.666;47542.011;326571.664;Agropecuária
2021;SP;3517901;Guaraci;89255.008;74477.799;110723.041;62792.791;375452.79;Serviços
2021;SP;3518008;Guarani d'Oeste;6343.309;2916.658;11395.893;14943.575;37039.506;Adm. Pública
2021;SP;3518107;Guarantã;64115.506;22445.503;60246.439;36297.544;196318.761;Agropecuária
2021;SP;3518206;Guararapes;234718.728;231377.231;483626.647;152933.001;1199677.625;Serviços
2021;SP;3518305;Guararema;50979.23;370827.15;751161.711;149825.75;1546741.266;Serviços
2021;SP;3518404;Guaratinguetá;49627.11;2657654.269;3075538.379;538107.546;7877882.192;Serviços
2021;SP;3518503;Guareí;74506.453;52384.565;83287.362;82014.273;313680.631;Serviços
2021;SP;3518602;Guariba;68503.907;250885.216;512977.842;185248.069;1135133.627;Serviços
2021;SP;3518701;Guarujá;50432.474;1150370.014;5976188.25;1737251.69;10494252.383;Serviços
2021;SP;3518800;Guarulhos;57763.458;17040799.785;40037133.405;5882058.391;77376425.117;Serviços
2021;SP;3518859;Guatapará;87618.689;13970.958;74247.527;51313.309;245363.012;Agropecuária
2021;SP;3518909;Guzolândia;23193.226;5722.325;31713.387;29312.786;93585.019;Serviços
2021;SP;3519006;Herculândia;87683.163;73605.696;118033.875;46025.59;355955.455;Serviços
2021;SP;3519055;Holambra;509243.385;228721.833;498745.64;83856.88;1463401.405;Agropecuária
2021;SP;3519071;Hortolândia;1574.644;5178931.114;8314851.018;1088111.935;18377821.724;Serviços
2021;SP;3519105;Iacanga;73945.092;48278.72;379964.829;63165.056;658009.942;Serviços
2021;SP;3519204;Iacri;99988.374;27681.229;127935.424;30834.88;316795.432;Serviços
2021;SP;3519253;Iaras;42584.054;10675.133;56934.427;46904.99;168922.26;Serviços
2021;SP;3519303;Ibaté;50894.146;407365.102;422490.184;155997.629;1159253.485;Serviços
2021;SP;3519402;Ibirá;48698.129;62072.376;126892.359;61802.299;318126.274;Serviços
2021;SP;3519501;Ibirarema;40776.07;28914.675;109952.565;36499.159;244614.399;Serviços
2021;SP;3519600;Ibitinga;103103.807;407690.466;994118.846;262815.579;1965222.526;Serviços
2021;SP;3519709;Ibiúna;457846.327;391626.046;904426.913;376554.739;2370585.551;Serviços
2021;SP;3519808;Icém;30442.17;46755.084;74123.631;50868.999;209289.094;Serviços
2021;SP;3519907;Iepê;83572.809;13880.299;222617.793;52061.781;434355.825;Serviços
2021;SP;3520004;Igaraçu do Tietê;15879.572;23366.218;202869.944;104422.547;381184.503;Serviços
2021;SP;3520103;Igarapava;58077.579;163275.34;780396.081;129816.965;1299637.242;Serviços
2021;SP;3520202;Igaratá;2694.457;24559.35;128599.513;55878.919;240165.471;Serviços
2021;SP;3520301;Iguape;102580.484;800549.085;497572.56;158330.72;1588620.44;Indústria
2021;SP;3520400;Ilhabela;4355.183;9689118.052;3816794.074;311820.102;13956618.262;Indústria
2021;SP;3520426;Ilha Comprida;5569.439;847859.843;397962.489;96872.878;1363561.107;Indústria
2021;SP;3520442;Ilha Solteira;73083.216;39867.795;408260.417;142701.463;706074.949;Serviços
2021;SP;3520509;Indaiatuba;46618.663;6772161.333;9716238.747;1241521.091;22817116.886;Serviços
2021;SP;3520608;Indiana;18006.03;3921.954;33369.854;27571.412;86968.231;Serviços
2021;SP;3520707;Indiaporã;27338.074;5859.752;48191.812;24646.943;111102.983;Serviços
2021;SP;3520806;Inúbia Paulista;9787.826;7679.618;81553.699;22845.558;136680.861;Serviços
2021;SP;3520905;Ipaussu;37047.84;123713.003;210477.649;76943.805;499098.585;Serviços
2021;SP;3521002;Iperó;21813.286;308392.806;333669.815;168088.442;969693.824;Serviços
2021;SP;3521101;Ipeúna;24395.317;486813.768;272643.298;42254.994;947911.795;Indústria
2021;SP;3521150;Ipiguá;19588.334;24359.218;39831.129;26170.561;124258.756;Serviços
2021;SP;3521200;Iporanga;7278.938;2987.449;22229.423;28850.987;63459.365;Adm. Pública
2021;SP;3521309;Ipuã;75494.416;40963.4;203006.802;90859.553;442715.064;Serviços
2021;SP;3521408;Iracemápolis;22556.37;714975.253;749838.887;122989.775;2127925.258;Serviços
2021;SP;3521507;Irapuã;73483.694;9689.122;59246.677;36457.898;186223.417;Agropecuária
2021;SP;3521606;Irapuru;21815.73;2638.134;44503.456;35733.851;109595.224;Serviços
2021;SP;3521705;Itaberá;304163.077;34937.953;485005.752;91961.078;1016119.036;Serviços
2021;SP;3521804;Itaí;301407.217;68359.7;347177.372;126863.006;924896.722;Serviços
2021;SP;3521903;Itajobi;195824.674;238575.004;333653.222;79969.036;935219.794;Serviços
2021;SP;3522000;Itaju;45850.604;79572.071;59660.515;23865.143;232256.5;Indústria
2021;SP;3522109;Itanhaém;65653.361;159891.15;1451541.931;542815.013;2369274.752;Serviços
2021;SP;3522158;Itaoca;9352.341;6907.746;15328.072;19520.179;53345.253;Adm. Pública
2021;SP;3522208;Itapecerica da Serra;26749.485;767377.049;2720393.811;725528.599;4909298.748;Serviços
2021;SP;3522307;Itapetininga;411249.541;1394942.5;3095970.818;685169.449;6359722.596;Serviços
2021;SP;3522406;Itapeva;991508.663;477193.322;1560789.808;431700.823;3788992.478;Serviços
2021;SP;3522505;Itapevi;364.666;1967818.035;7477096.427;1016204.434;12854995.018;Serviços
2021;SP;3522604;Itapira;76928.681;1922953.26;1743951.181;353902.095;4756331.426;Indústria
2021;SP;3522653;Itapirapuã Paulista;3028.786;2864.271;19853.768;24442.448;52590.208;Adm. Pública
2021;SP;3522703;Itápolis;157620.108;315905.16;784293.487;202192.969;1630819.908;Serviços
2021;SP;3522802;Itaporanga;65058.739;12969.588;142140.633;69996.493;305514.254;Serviços
2021;SP;3522901;Itapuí;23467.57;300836.91;466055.325;65153.213;1003728.987;Serviços
2021;SP;3523008;Itapura;35615.413;4324.714;30535.108;29815.317;104627.589;Agropecuária
2021;SP;3523107;Itaquaquecetuba;15805.816;2351745.61;4428777.879;1324841.272;9519617.706;Serviços
2021;SP;3523206;Itararé;172774.078;118452.578;580730.102;218485.133;1182424.012;Serviços
2021;SP;3523305;Itariri;109346.831;13139.103;204462.196;76866.312;438980.463;Serviços
2021;SP;3523404;Itatiba;840129.835;2385197.969;2904492.795;612781.673;8245497.584;Serviços
2021;SP;3523503;Itatinga;47195.842;58661.719;162822.867;93133.09;396659.517;Serviços
2021;SP;3523602;Itirapina;97283.467;257539.88;382847.624;106989.752;1273183.85;Serviços
2021;SP;3523701;Itirapuã;73242.756;9458.206;41938.037;32245.552;161834.767;Agropecuária
2021;SP;3523800;Itobi;65156.294;17152.859;71342.018;33120.573;198366.051;Serviços
2021;SP;3523909;Itu;61727.529;2778956.096;4851515.989;785615.934;10540812.918;Serviços
2021;SP;3524006;Itupeva;90568.245;2380931.761;3601852.833;413889.302;8423278.988;Serviços
2021;SP;3524105;Ituverava;124876.142;500864.603;801006.844;191840.232;1907193.117;Serviços
2021;SP;3524204;Jaborandi;53492.19;8042.021;49075.616;36614.163;153277.993;Agropecuária
2021;SP;3524303;Jaboticabal;247869.658;697109.406;1831272.797;389442.189;3601183.19;Serviços
2021;SP;3524402;Jacareí;38511.705;5091965.759;6611049.404;954072.132;16080493.543;Serviços
2021;SP;3524501;Jaci;32379.736;290062.665;221721.283;37440.558;676808.092;Indústria
2021;SP;3524600;Jacupiranga;122648.56;30011.007;253282.227;86628.828;531089.163;Serviços
2021;SP;3524709;Jaguariúna;20779.595;3759802.801;6870415.167;379153.169;13981301.517;Serviços
2021;SP;3524808;Jales;88022.246;355472.671;1139428.481;219012.819;1982125.374;Serviços
2021;SP;3524907;Jambeiro;12071.354;112580.984;96688.358;38485.871;352904.037;Indústria
2021;SP;3525003;Jandira;729.331;1244034.616;2246180.48;552277.477;4908360.238;Serviços
2021;SP;3525102;Jardinópolis;100311.166;227269.233;825790.259;239951.348;1580760.481;Serviços
2021;SP;3525201;Jarinu;55015.372;565116.712;1683142.428;192492.104;2997399.556;Serviços
2021;SP;3525300;Jaú;125734.564;878277.38;3302757.538;644925.339;5582394.761;Serviços
2021;SP;3525409;Jeriquara;97912.801;9837.269;34950.275;21196.972;168937.393;Agropecuária
2021;SP;3525508;Joanópolis;25635.617;13741.125;141279.273;63361.833;261557.616;Serviços
2021;SP;3525607;João Ramalho;84115.008;2976.951;33336.969;23600.407;148675.33;Agropecuária
2021;SP;3525706;José Bonifácio;166490.548;272609.518;626318.305;194282.52;1381751.014;Serviços
2021;SP;3525805;Júlio Mesquita;9938.735;1690.562;20852.077;23464.639;58842.947;Adm. Pública
2021;SP;3525854;Jumirim;18361.669;86777.174;55533.029;20608.189;213999.554;Indústria
2021;SP;3525904;Jundiaí;185537.439;11700443.69;29583739.418;2239148.491;57670892.685;Serviços
2021;SP;3526001;Junqueirópolis;73462.948;177594.526;380557.884;98820.88;807879.163;Serviços
2021;SP;3526100;Juquiá;89324.04;21741.048;148761.986;86907.696;366459.396;Serviços
2021;SP;3526209;Juquitiba;1252.926;78290.446;306244.897;134189.67;573997.22;Serviços
2021;SP;3526308;Lagoinha;11329.111;3547.553;30228.134;25593.956;73967.039;Serviços
2021;SP;3526407;Laranjal Paulista;40153.573;509863.048;502218.974;146191.816;1411101.003;Indústria
2021;SP;3526506;Lavínia;69549.161;4258.765;50632.822;52775.844;184895.988;Agropecuária
2021;SP;3526605;Lavrinhas;5803.588;22491.291;50203.183;39864.726;133317.098;Serviços
2021;SP;3526704;Leme;111181.589;983962.352;1929158.941;459955.021;4101866.544;Serviços
2021;SP;3526803;Lençóis Paulista;97655.088;1872223.387;1952286.818;327595.869;4924228.119;Serviços
2021;SP;3526902;Limeira;113031.059;4846073.774;7194792.767;1324328.677;16060738.811;Serviços
2021;SP;3527009;Lindóia;9518.671;76442.616;91644.672;43819.052;246178.779;Serviços
2021;SP;3527108;Lins;70627.343;3089440.83;2421186.445;300941.295;6763890.055;Indústria
2021;SP;3527207;Lorena;18505.743;1316995.55;1702224.4;368780.192;3876663.467;Serviços
2021;SP;3527256;Lourdes;8581.456;1979.826;14230.276;17220.932;43489.176;Adm. Pública
2021;SP;3527306;Louveira;37358.866;5764020.101;9636000.876;326980.049;19677150.59;Serviços
2021;SP;3527405;Lucélia;35246.051;142852.412;243594.022;104868.651;584271.282;Serviços
2021;SP;3527504;Lucianópolis;26831.011;2953.541;19569.077;18427.169;70465.375;Agropecuária
2021;SP;3527603;Luís Antônio;90672.033;872248.358;332391.495;97912.357;1556606.521;Indústria
2021;SP;3527702;Luiziânia;25156.373;4672.184;32076.789;28993.253;93808.712;Serviços
2021;SP;3527801;Lupércio;19870.025;15263.583;32156.673;25569.845;98336.886;Serviços
2021;SP;3527900;Lutécia;50510.647;6703.815;21320.834;19554.955;101173.117;Agropecuária
2021;SP;3528007;Macatuba;33949.897;82702.954;364670.144;79429.692;643782.915;Serviços
2021;SP;3528106;Macaubal;55945.013;8253.751;85914.091;35699.717;196951.791;Serviços
2021;SP;3528205;Macedônia;31397.42;6711.848;25016.834;24948.074;90930.779;Agropecuária
2021;SP;3528304;Magda;39341.008;5487.237;34183.619;20299.581;104128.024;Agropecuária
2021;SP;3528403;Mairinque;22658.27;990050.729;989066.471;250616.534;2695115.819;Indústria
2021;SP;3528502;Mairiporã;1026.728;439959.434;1139823.038;405640.392;2288091.621;Serviços
2021;SP;3528601;Manduri;69510.14;38516.836;109164.946;46612.702;291908.192;Serviços
2021;SP;3528700;Marabá Paulista;82794.916;5128.944;28518.134;36865.669;157010.99;Agropecuária
2021;SP;3528809;Maracaí;81317.267;67438.835;245176.044;74799.869;517397.816;Serviços
2021;SP;3528858;Marapoama;37043.072;12995.587;37276.323;23401.81;119694.406;Serviços
2021;SP;3528908;Mariápolis;29656.761;3686.543;20335.457;21020.44;76481.673;Agropecuária
2021;SP;3529005;Marília;93385.45;1380457.887;6118707.401;1057288.483;9756006.261;Serviços
2021;SP;3529104;Marinópolis;9334.689;2086.23;13107.037;14129.652;40066.938;Adm. Pública
2021;SP;3529203;Martinópolis;169680.7;87075.361;310024.342;133106.383;754950.447;Serviços
2021;SP;3529302;Matão;75388.306;2091848.538;2049721.336;349245.452;5356571.323;Indústria
2021;SP;3529401;Mauá;22.476;7756771.51;7936387.777;1810087.054;20776212.745;Serviços
2021;SP;3529500;Mendonça;22399.981;121950.078;149489.646;36115.589;374784.785;Serviços
2021;SP;3529609;Meridiano;40163.573;168841.189;116133.402;27332.622;393842.471;Indústria
2021;SP;3529658;Mesópolis;43033.586;3123.952;16358.319;15979.377;81615.128;Agropecuária
2021;SP;3529708;Miguelópolis;198445.634;442258.151;230862.465;117465.388;1016136.928;Indústria
2021;SP;3529807;Mineiros do Tietê;31033.258;36451.043;81089.288;58851.522;226257.409;Serviços
2021;SP;3529906;Miracatu;66972.288;27338.093;232067.527;95529.134;456953.057;Serviços
2021;SP;3530003;Mira Estrela;16877.594;5056.605;24736.617;21135.896;70361.627;Serviços
2021;SP;3530102;Mirandópolis;153563.244;95679.717;310447.962;121763.883;738742.24;Serviços
2021;SP;3530201;Mirante do Paranapanema;136704.39;155338.587;174756.508;87262.364;606917.474;Serviços
2021;SP;3530300;Mirassol;47868.45;695647.435;1293726.584;276931.923;2660334.032;Serviços
2021;SP;3530409;Mirassolândia;76241.233;44074.562;51176.863;26522.806;213294.971;Agropecuária
2021;SP;3530508;Mococa;216964.815;752040.895;1389338.352;320872.626;3043691.898;Serviços
2021;SP;3530607;Mogi das Cruzes;538093.689;4765447.415;9446543.059;1881376.429;19604517.461;Serviços
2021;SP;3530706;Mogi Guaçu;269941.874;1916750.466;3010575.411;719540.984;6865386.209;Serviços
2021;SP;3530805;Mogi Mirim;215753.186;1540839.884;2918109.015;544512.084;6313563.842;Serviços
2021;SP;3530904;Mombuca;24900.335;30102.07;35638.196;25990.335;124517.473;Serviços
2021;SP;3531001;Monções;8345.978;6710.647;19728.284;18772.309;58262.056;Serviços
2021;SP;3531100;Mongaguá;6363.217;139857.338;717173.344;315587.696;1254605.285;Serviços
2021;SP;3531209;Monte Alegre do Sul;64320.06;22128.038;95325.886;43868.357;252217.893;Serviços
2021;SP;3531308;Monte Alto;259964.846;623780.456;1018818.591;228706.034;2435240.075;Serviços
2021;SP;3531407;Monte Aprazível;89782.696;167344.103;325577.154;119768.946;766600.054;Serviços
2021;SP;3531506;Monte Azul Paulista;48168.399;53560.146;370222.627;99277.863;639162.497;Serviços
2021;SP;3531605;Monte Castelo;45649.683;4061.499;49311.349;23245.796;128087.826;Serviços
2021;SP;3531704;Monteiro Lobato;4866.788;10007.29;36349.701;24468.21;83030.469;Serviços
2021;SP;3531803;Monte Mor;88146.894;2105530.839;1150537.978;292570.338;4317763.585;Indústria
2021;SP;3531902;Morro Agudo;191536.341;293312.423;471700.131;161933.116;1225918.089;Serviços
2021;SP;3532009;Morungaba;27003.63;256012.463;186841.751;67703.797;633323.989;Indústria
2021;SP;3532058;Motuca;36173.631;14866.367;36679.589;26838.299;120695.871;Serviços
2021;SP;3532108;Murutinga do Sul;26037.347;2087.377;28329.257;28301.061;88027.071;Serviços
2021;SP;3532157;Nantes;36995.988;2573.649;65532.617;24665.294;142300.887;Serviços
2021;SP;3532207;Narandiba;36387.629;301693.831;176032.074;41936.442;639075.516;Indústria
2021;SP;3532306;Natividade da Serra;14285.492;2820.599;35587.371;36722.854;93391.138;Adm. Pública
2021;SP;3532405;Nazaré Paulista;25909.522;87914.187;204046.836;94917.664;465370.933;Serviços
2021;SP;3532504;Neves Paulista;36596.522;48014.711;123245.183;37967.576;276247.695;Serviços
2021;SP;3532603;Nhandeara;62082.018;49513.981;170199.328;60295.355;367776.641;Serviços
2021;SP;3532702;Nipoã;20239.587;7473.15;36311.104;26338.754;95891.822;Serviços
2021;SP;3532801;Nova Aliança;37295.395;70221.527;156228.924;37123.238;325932.69;Serviços
2021;SP;3532827;Nova Campina;22836.018;33543.707;47653.803;50738.438;221079.28;Adm. Pública
2021;SP;3532843;Nova Canaã Paulista;16904.183;2218.559;11890.548;13932.066;46304.606;Agropecuária
2021;SP;3532868;Nova Castilho;31262.209;1547.828;11557.653;14843.684;60664.975;Agropecuária
2021;SP;3532900;Nova Europa;22829.125;131313.678;124499.503;63485.241;377460.822;Indústria
2021;SP;3533007;Nova Granada;104377.926;34425.078;246278.236;92660.76;512828.707;Serviços
2021;SP;3533106;Nova Guataporanga;3229.592;1933.131;14554.127;15588.795;36774.792;Adm. Pública
2021;SP;3533205;Nova Independência;26717.58;82275.868;54787.476;32068.612;213154.675;Indústria
2021;SP;3533254;Novais;16046.373;2314.801;27496.091;29897.195;78660.446;Adm. Pública
2021;SP;3533304;Nova Luzitânia;10945.748;2796.63;22923.67;21768.044;60213.767;Serviços
2021;SP;3533403;Nova Odessa;11171.611;1199729.416;1791037.4;316937.673;4020494.254;Serviços
2021;SP;3533502;Novo Horizonte;158112.501;173155.441;883338.783;189013.168;1585955.121;Serviços
2021;SP;3533601;Nuporanga;76782.636;323151.75;317397.031;46170.153;868091.613;Indústria
2021;SP;3533700;Ocauçu;57667.146;8462.643;42198.121;26862.123;141366.238;Agropecuária
2021;SP;3533809;Óleo;82106.15;5390.92;20951.629;17363.064;128271.549;Agropecuária
2021;SP;3533908;Olímpia;117750.639;648285.981;1232950.114;265224.635;2551144.674;Serviços
2021;SP;3534005;Onda Verde;43061.136;22135.5;95642.824;27361.351;205635.802;Serviços
2021;SP;3534104;Oriente;16499.305;13730.43;48832.505;31892.082;129763.028;Serviços
2021;SP;3534203;Orindiúva;40120.139;247543.221;222996.126;41990.126;640841.175;Indústria
2021;SP;3534302;Orlândia;47661.656;974741.561;1017692.765;208564.113;2579406.068;Serviços
2021;SP;3534401;Osasco;1392.36;4963982.431;58664575.895;3286922.853;86111259.991;Serviços
2021;SP;3534500;Oscar Bressane;42618.299;13757.006;32686.322;18509.605;112881.755;Agropecuária
2021;SP;3534609;Osvaldo Cruz;41703.545;266870.776;525322.959;131802.504;1087489.589;Serviços
2021;SP;3534708;Ourinhos;53262.239;579223.711;2399698.474;520559.525;3961570.958;Serviços
2021;SP;3534757;Ouroeste;44081.51;191542.515;184148.166;77161.37;548740.254;Indústria
2021;SP;3534807;Ouro Verde;31819.0;4093.279;50970.587;43103.621;134985.78;Serviços
2021;SP;3534906;Pacaembu;36833.352;5199.552;100087.422;64972.309;217694.932;Serviços
2021;SP;3535002;Palestina;100213.296;96730.214;129659.472;62549.836;420419.963;Serviços
2021;SP;3535101;Palmares Paulista;11179.501;7223.137;59052.639;53012.775;136418.658;Serviços
2021;SP;3535200;Palmeira d'Oeste;60534.637;12975.983;94049.741;38115.289;215050.397;Serviços
2021;SP;3535309;Palmital;110010.31;109062.39;449959.811;111511.501;900626.568;Serviços
2021;SP;3535408;Panorama;43883.204;23743.699;156404.953;75871.318;317825.589;Serviços
2021;SP;3535507;Paraguaçu Paulista;117848.385;433251.455;854088.938;208124.881;1801748.006;Serviços
2021;SP;3535606;Paraibuna;14028.871;89623.32;134366.902;89639.56;352397.922;Serviços
2021;SP;3535705;Paraíso;37033.209;87834.598;81043.847;34064.798;275312.652;Indústria
2021;SP;3535804;Paranapanema;243678.76;37731.77;456222.125;111471.593;945145.306;Serviços
2021;SP;3535903;Paranapuã;57980.099;6058.881;41222.199;22121.623;133064.949;Agropecuária
2021;SP;3536000;Parapuã;113239.761;229653.756;267073.034;52483.211;741785.799;Serviços
2021;SP;3536109;Pardinho;33737.293;78985.66;177618.692;43416.371;368270.938;Serviços
2021;SP;3536208;Pariquera-Açu;73700.156;37303.439;340427.985;86011.323;586023.644;Serviços
2021;SP;3536257;Parisi;15226.568;1575.295;17336.671;17528.91;53619.89;Adm. Pública
2021;SP;3536307;Patrocínio Paulista;394527.984;386103.137;366420.826;72400.087;1360808.588;Agropecuária
2021;SP;3536406;Paulicéia;32861.025;24656.773;87541.499;44687.198;200144.75;Serviços
2021;SP;3536505;Paulínia;18366.625;26746711.487;16124529.315;1228455.565;52389436.509;Indústria
2021;SP;3536570;Paulistânia;13961.467;1865.428;11916.293;17867.287;48636.69;Adm. Pública
2021;SP;3536604;Paulo de Faria;126868.006;11172.421;75107.445;46504.62;269674.996;Agropecuária
2021;SP;3536703;Pederneiras;116145.461;1125486.823;1031294.767;212007.17;3066260.985;Indústria
2021;SP;3536802;Pedra Bela;24263.559;6354.5;47984.05;32549.876;118076.036;Serviços
2021;SP;3536901;Pedranópolis;33440.768;3676.919;19568.365;19842.646;79886.711;Agropecuária
2021;SP;3537008;Pedregulho;589565.748;651483.459;355373.157;78725.55;1731363.803;Indústria
2021;SP;3537107;Pedreira;10274.972;356878.015;685061.34;226702.381;1502007.81;Serviços
2021;SP;3537156;Pedrinhas Paulista;21799.021;18484.151;96780.102;21953.768;176652.401;Serviços
2021;SP;3537206;Pedro de Toledo;32675.893;8575.559;73920.552;53938.365;178608.884;Serviços
2021;SP;3537305;Penápolis;96862.97;299214.439;1174012.793;314785.118;2082458.291;Serviços
2021;SP;3537404;Pereira Barreto;115617.168;87880.215;631252.452;130849.388;1087485.494;Serviços
2021;SP;3537503;Pereiras;36557.559;106160.074;96904.471;45466.485;317964.199;Indústria
2021;SP;3537602;Peruíbe;28423.278;433602.555;1045156.899;360440.044;1966247.303;Serviços
2021;SP;3537701;Piacatu;32846.471;5451.068;45595.796;30152.738;119024.81;Serviços
2021;SP;3537800;Piedade;475444.061;167586.946;622008.1;208790.21;1597083.415;Serviços
2021;SP;3537909;Pilar do Sul;139941.391;48206.132;795120.558;131488.3;1276179.945;Serviços
2021;SP;3538006;Pindamonhangaba;43052.007;6276328.458;4231574.697;775303.52;13742498.486;Indústria
2021;SP;3538105;Pindorama;32396.097;139678.398;197578.818;80182.043;498800.901;Serviços
2021;SP;3538204;Pinhalzinho;54127.241;31328.263;139613.441;64722.874;314651.306;Serviços
2021;SP;3538303;Piquerobi;16621.751;3845.287;20308.244;23239.478;67093.357;Adm. Pública
2021;SP;3538501;Piquete;4666.264;36176.23;90118.282;54602.678;197854.114;Serviços
2021;SP;3538600;Piracaia;34499.769;104961.994;329290.946;119739.608;661695.603;Serviços
2021;SP;3538709;Piracicaba;168945.818;9974330.039;14606754.804;1922643.897;34555723.85;Serviços
2021;SP;3538808;Piraju;91329.86;126489.912;496909.843;140956.42;926203.349;Serviços
2021;SP;3538907;Pirajuí;88930.161;37446.002;269193.483;109070.085;540057.892;Serviços
2021;SP;3539004;Pirangi;47357.201;73598.801;160335.446;52153.959;364797.71;Serviços
2021;SP;3539103;Pirapora do Bom Jesus;232.06;358646.969;286915.08;104029.096;826672.314;Indústria
2021;SP;3539202;Pirapozinho;34317.905;285286.432;371560.44;126887.38;927781.106;Serviços
2021;SP;3539301;Pirassununga;128540.359;592377.464;1720941.361;387141.683;3312332.24;Serviços
2021;SP;3539400;Piratininga;35313.439;22352.562;141605.355;58754.494;278466.987;Serviços
2021;SP;3539509;Pitangueiras;97629.338;240279.826;715107.412;177310.155;1389560.822;Serviços
2021;SP;3539608;Planalto;44812.981;44986.379;50656.264;36093.825;193761.556;Serviços
2021;SP;3539707;Platina;44723.913;13437.68;25511.078;24422.331;120018.909;Agropecuária
2021;SP;3539806;Poá;3513.614;1004374.56;1688507.023;562104.846;3769347.372;Serviços
2021;SP;3539905;Poloni;33294.854;30293.966;45648.986;30755.434;154422.732;Serviços
2021;SP;3540002;Pompéia;47880.902;841052.627;653537.436;115359.259;1951861.434;Indústria
2021;SP;3540101;Pongaí;25946.722;4713.374;37104.152;21905.071;94398.934;Serviços
2021;SP;3540200;Pontal;81325.328;450923.587;540579.857;224953.808;1462864.886;Serviços
2021;SP;3540259;Pontalinda;38924.762;3922.52;27381.924;24128.747;98029.534;Agropecuária
2021;SP;3540309;Pontes Gestal;23558.894;17561.669;32158.988;21651.352;126662.711;Serviços
2021;SP;3540408;Populina;46156.519;5126.137;35944.338;26042.974;117259.827;Agropecuária
2021;SP;3540507;Porangaba;65062.559;16478.762;91472.273;46301.559;233734.267;Serviços
2021;SP;3540606;Porto Feliz;227392.769;861156.651;1505563.877;267988.011;3754665.663;Serviços
2021;SP;3540705;Porto Ferreira;65186.806;810504.629;890768.826;265956.556;2495873.112;Serviços
2021;SP;3540754;Potim;2965.718;42569.123;129450.598;104072.821;308459.434;Serviços
2021;SP;3540804;Potirendaba;62041.144;186511.432;231343.072;81259.743;620168.928;Serviços
2021;SP;3540853;Pracinha;5252.385;2023.387;11143.002;21417.133;40969.449;Adm. Pública
2021;SP;3540903;Pradópolis;38146.789;395874.063;352138.853;129845.316;1096525.583;Indústria
2021;SP;3541000;Praia Grande;5370.531;829936.303;5478764.798;1747690.357;8727831.468;Serviços
2021;SP;3541059;Pratânia;41597.294;8319.528;38295.405;28955.301;126366.892;Agropecuária
2021;SP;3541109;Presidente Alves;24089.03;3404.973;24925.976;21861.285;77332.792;Serviços
2021;SP;3541208;Presidente Bernardes;54727.507;17709.227;163406.16;68099.092;331914.146;Serviços
2021;SP;3541307;Presidente Epitácio;95665.205;206442.422;740222.661;187910.916;1325522.126;Serviços
2021;SP;3541406;Presidente Prudente;44943.632;1206432.864;6029072.116;919877.186;9242189.133;Serviços
2021;SP;3541505;Presidente Venceslau;33876.117;33624.736;543918.302;149854.998;823130.043;Serviços
2021;SP;3541604;Promissão;97930.104;869918.623;702533.622;201300.014;2115365.137;Indústria
2021;SP;3541653;Quadra;64414.798;4907.805;40333.172;28130.108;144522.602;Agropecuária
2021;SP;3541703;Quatá;56280.547;266167.478;328347.114;67059.348;821158.912;Serviços
2021;SP;3541802;Queiroz;101587.799;314269.632;163503.105;28491.176;684733.345;Indústria
2021;SP;3541901;Queluz;4393.669;49016.47;225259.917;68470.448;388523.141;Serviços
2021;SP;3542008;Quintana;55401.526;71633.619;89933.672;33547.315;276283.799;Serviços
2021;SP;3542107;Rafard;20286.315;174144.116;141670.81;45998.402;442882.5;Indústria
2021;SP;3542206;Rancharia;283382.561;281459.334;547758.116;143717.627;1381836.35;Serviços
2021;SP;3542305;Redenção da Serra;14008.206;3298.308;24434.812;22062.525;66824.941;Serviços
2021;SP;3542404;Regente Feijó;72280.677;119719.467;534674.237;109415.958;983725.278;Serviços
2021;SP;3542503;Reginópolis;69046.284;6299.308;55621.67;46939.155;184875.117;Agropecuária
2021;SP;3542602;Registro;114879.81;163775.815;1531136.703;270795.48;2357409.327;Serviços
2021;SP;3542701;Restinga;65327.198;31185.788;57624.834;43809.474;211751.731;Agropecuária
2021;SP;3542800;Ribeira;14888.842;2321.653;22349.047;18943.363;62081.261;Serviços
2021;SP;3542909;Ribeirão Bonito;73855.425;31299.151;184693.109;59740.268;371778.478;Serviços
2021;SP;3543006;Ribeirão Branco;378479.394;22176.25;107844.412;74591.408;595498.967;Agropecuária
2021;SP;3543105;Ribeirão Corrente;206883.033;12518.718;62648.775;30036.847;319057.831;Agropecuária
2021;SP;3543204;Ribeirão do Sul;58713.303;12106.65;104315.168;28719.939;224362.519;Serviços
2021;SP;3543238;Ribeirão dos Índios;13530.595;2079.879;12821.803;16996.59;47000.592;Adm. Pública
2021;SP;3543253;Ribeirão Grande;33355.353;7966.09;33481.625;38330.653;116991.72;Adm. Pública
2021;SP;3543303;Ribeirão Pires;1771.047;868340.258;1974789.715;496761.422;3891002.63;Serviços
2021;SP;3543402;Ribeirão Preto;120324.39;5374493.185;26672690.555;2865373.695;39955305.609;Serviços
2021;SP;3543501;Riversul;27094.174;5038.52;28006.545;28482.952;92796.33;Adm. Pública
2021;SP;3543600;Rifaina;36130.572;40687.709;70364.227;28658.969;191157.71;Serviços
2021;SP;3543709;Rincão;47037.112;18982.225;93798.312;52240.413;226043.187;Serviços
2021;SP;3543808;Rinópolis;106189.324;54593.581;121641.767;42651.161;349025.974;Serviços
2021;SP;3543907;Rio Claro;112216.836;4767917.619;5155244.741;1035055.215;13245335.958;Serviços
2021;SP;3544004;Rio das Pedras;29941.306;401905.016;834683.382;175137.138;1787681.408;Serviços
2021;SP;3544103;Rio Grande da Serra;843.112;162025.797;506839.251;186092.794;960727.232;Serviços
2021;SP;3544202;Riolândia;96918.132;14491.007;79811.807;67408.638;268963.075;Agropecuária
2021;SP;3544251;Rosana;70908.157;1521544.537;208092.733;121058.863;1941771.839;Indústria
2021;SP;3544301;Roseira;6311.252;90354.55;180997.182;55619.889;374786.246;Serviços
2021;SP;3544400;Rubiácea;33639.442;3548.239;18347.839;20915.373;78950.332;Agropecuária
2021;SP;3544509;Rubinéia;34686.171;4783.028;36348.031;22660.468;102856.803;Serviços
2021;SP;3544608;Sabino;72684.113;5164.994;57895.85;31476.897;175475.616;Agropecuária
2021;SP;3544707;Sagres;16300.252;2285.073;16790.864;17808.494;54769.352;Adm. Pública
2021;SP;3544806;Sales;44360.384;6382.233;78462.855;32929.688;169480.032;Serviços
2021;SP;3544905;Sales Oliveira;67156.374;85088.256;173985.042;53601.821;417237.49;Serviços
2021;SP;3545001;Salesópolis;27911.065;11189.23;128927.665;69563.599;251751.908;Serviços
2021;SP;3545100;Salmourão;30980.728;4221.725;30835.038;27979.726;96894.972;Agropecuária
2021;SP;3545159;Saltinho;18640.608;65924.154;189118.567;45259.454;377871.414;Serviços
2021;SP;3545209;Salto;14776.445;2891896.873;4214031.257;553966.857;9303486.748;Serviços
2021;SP;3545308;Salto de Pirapora;19757.781;1024555.25;666588.506;195077.919;2221476.714;Indústria
2021;SP;3545407;Salto Grande;43114.819;48822.264;113272.933;46659.162;273943.204;Serviços
2021;SP;3545506;Sandovalina;71526.328;144229.223;51478.986;39558.516;318809.778;Indústria
2021;SP;3545605;Santa Adélia;82701.045;9911.674;197598.05;69164.102;382545.565;Serviços
2021;SP;3545704;Santa Albertina;30195.349;55697.825;77797.21;32799.254;214790.792;Serviços
2021;SP;3545803;Santa Bárbara d'Oeste;37205.583;2030517.323;3641483.469;955416.19;7825506.502;Serviços
2021;SP;3546009;Santa Branca;7654.173;74785.447;133136.413;73038.806;312818.584;Serviços
2021;SP;3546108;Santa Clara d'Oeste;32616.507;13088.348;25747.306;20225.579;96783.316;Agropecuária
2021;SP;3546207;Santa Cruz da Conceição;26035.007;21339.892;64182.381;32998.879;161650.68;Serviços
2021;SP;3546256;Santa Cruz da Esperança;22280.32;3182.942;17160.176;18943.848;63456.694;Agropecuária
2021;SP;3546306;Santa Cruz das Palmeiras;59893.535;21537.978;380846.13;142122.511;655974.339;Serviços
2021;SP;3546405;Santa Cruz do Rio Pardo;183709.816;770808.261;1248462.762;243413.036;2786906.107;Serviços
2021;SP;3546504;Santa Ernestina;15709.522;6348.247;46813.366;30065.592;104372.706;Serviços
2021;SP;3546603;Santa Fé do Sul;49563.016;245497.189;723952.564;193499.542;1344880.815;Serviços
2021;SP;3546702;Santa Gertrudes;11776.002;2307247.556;723287.443;164236.196;3895817.986;Indústria
2021;SP;3546801;Santa Isabel;75738.403;339688.536;803783.316;252992.035;1658732.668;Serviços
2021;SP;3546900;Santa Lúcia;39226.251;4057.202;44589.409;38222.493;131127.832;Serviços
2021;SP;3547007;Santa Maria da Serra;29119.759;26485.308;55640.419;31762.629;153023.631;Serviços
2021;SP;3547106;Santa Mercedes;19337.389;3217.578;24690.615;18600.138;69067.532;Serviços
2021;SP;3547205;Santana da Ponte Pensa;12838.29;1769.976;10938.256;13117.162;39913.179;Adm. Pública
2021;SP;3547304;Santana de Parnaíba;125769.367;2027288.28;6311003.897;1004321.29;11544903.483;Serviços
2021;SP;3547403;Santa Rita d'Oeste;20832.115;1877.796;25363.914;17300.769;68134.763;Serviços
2021;SP;3547502;Santa Rita do Passa Quatro;88082.72;115490.234;408510.435;121169.83;825834.738;Serviços
2021;SP;3547601;Santa Rosa de Viterbo;42429.504;218541.814;313616.038;125855.001;833444.1;Serviços
2021;SP;3547650;Santa Salete;11391.71;2117.031;12833.314;13588.408;42106.248;Adm. Pública
2021;SP;3547700;Santo Anastácio;80281.793;81044.873;257093.12;89684.152;555800.928;Serviços
2021;SP;3547809;Santo André;1385.093;7782624.984;17322921.87;2818755.748;32620294.592;Serviços
2021;SP;3547908;Santo Antônio da Alegria;81213.937;7656.974;69243.969;41577.064;211521.905;Agropecuária
2021;SP;3548005;Santo Antônio de Posse;226780.43;376094.552;802556.542;121588.77;1870734.354;Serviços
2021;SP;3548054;Santo Antônio do Aracanguá;109970.317;21800.531;82896.563;63316.71;289678.137;Agropecuária
2021;SP;3548104;Santo Antônio do Jardim;89678.809;11351.638;77595.169;30209.145;222832.584;Agropecuária
2021;SP;3548203;Santo Antônio do Pinhal;16760.97;7378.609;77467.992;39101.693;148429.124;Serviços
2021;SP;3548302;Santo Expedito;6470.526;3327.494;17748.76;18406.667;47273.391;Adm. Pública
2021;SP;3548401;Santópolis do Aguapeí;11204.767;3838.978;36716.096;24002.814;80653.418;Serviços
2021;SP;3548500;Santos;5248.939;2150156.228;15770943.804;2400186.743;24090173.097;Serviços
2021;SP;3548609;São Bento do Sapucaí;39804.065;13677.018;283080.376;51153.626;406647.208;Serviços
2021;SP;3548708;São Bernardo do Campo;11195.535;13216248.199;29662760.19;3651104.667;58277014.065;Serviços
2021;SP;3548807;São Caetano do Sul;30.821;3515560.444;8183229.277;1532317.804;15566768.386;Serviços
2021;SP;3548906;São Carlos;170583.18;3844335.362;6861133.828;1208302.393;14141854.369;Serviços
2021;SP;3549003;São Francisco;16633.994;2507.216;14798.64;16043.426;51167.786;Agropecuária
2021;SP;3549102;São João da Boa Vista;125955.232;943016.747;2146777.947;422205.569;4135189.744;Serviços
2021;SP;3549201;São João das Duas Pontes;16036.73;3694.699;14414.448;17036.494;52612.013;Adm. Pública
2021;SP;3549250;São João de Iracema;19378.211;1440.394;13452.91;15765.594;51478.104;Agropecuária
2021;SP;3549300;São João do Pau d'Alho;19148.291;3111.482;17640.906;16271.021;58492.972;Agropecuária
2021;SP;3549409;São Joaquim da Barra;54709.298;727988.648;931319.947;228172.35;2191085.894;Serviços
2021;SP;3549508;São José da Bela Vista;95960.632;5787.293;70175.342;48907.88;231517.142;Agropecuária
2021;SP;3549607;São José do Barreiro;9640.511;2432.084;22349.784;26616.607;63347.21;Adm. Pública
2021;SP;3549706;São José do Rio Pardo;196939.838;472632.208;1153489.695;244885.405;2375167.083;Serviços
2021;SP;3549805;São José do Rio Preto;64179.636;2145379.949;14508306.843;1854124.83;20962614.976;Serviços
2021;SP;3549904;São José dos Campos;25504.102;16459170.872;19457995.78;2884818.643;45208807.937;Serviços
2021;SP;3549953;São Lourenço da Serra;1858.98;27606.501;158623.601;72815.995;285411.765;Serviços
2021;SP;3550001;São Luiz do Paraitinga;24929.186;12156.921;97556.423;57574.176;204219.19;Serviços
2021;SP;3550100;São Manuel;118878.275;195029.982;721870.938;159806.614;1340317.267;Serviços
2021;SP;3550209;São Miguel Arcanjo;391383.783;47114.506;328949.807;140484.388;954225.102;Agropecuária
2021;SP;3550308;São Paulo;61624.738;62513857.934;549767525.142;48453704.592;828980746.586;Serviços
2021;SP;3550407;São Pedro;64623.833;64260.756;514870.525;165476.393;886335.955;Serviços
2021;SP;3550506;São Pedro do Turvo;91072.717;24160.74;61183.344;42698.862;234364.608;Agropecuária
2021;SP;3550605;São Roque;45528.581;602986.495;1906386.234;395962.738;3450778.678;Serviços
2021;SP;3550704;São Sebastião;15863.894;9764264.038;5075980.831;695835.071;16008645.421;Indústria
2021;SP;3550803;São Sebastião da Grama;140653.599;31465.975;173855.553;54012.076;428491.854;Serviços
2021;SP;3550902;São Simão;73197.787;60108.933;223996.775;84468.756;501326.889;Serviços
2021;SP;3551009;São Vicente;4375.988;510075.084;3598069.999;1568230.121;6121259.1;Serviços
2021;SP;3551108;Sarapuí;41315.191;30057.453;67773.753;48706.546;203910.875;Serviços
2021;SP;3551207;Sarutaiá;43668.874;3996.137;25356.998;21770.775;96557.722;Agropecuária
2021;SP;3551306;Sebastianópolis do Sul;40418.681;193532.531;114679.751;26257.953;417498.625;Indústria
2021;SP;3551405;Serra Azul;46604.064;11240.366;62819.181;68651.422;195523.134;Adm. Pública
2021;SP;3551504;Serrana;21355.507;227605.044;722884.231;236601.738;1349050.264;Serviços
2021;SP;3551603;Serra Negra;84669.631;62088.45;489895.096;127911.869;845122.36;Serviços
2021;SP;3551702;Sertãozinho;86717.477;2110801.327;3249541.352;660685.268;7109021.763;Serviços
2021;SP;3551801;Sete Barras;180937.473;23882.691;98288.768;62559.381;379170.022;Agropecuária
2021;SP;3551900;Severínia;19012.237;9149.505;141189.913;84016.986;271911.501;Serviços
2021;SP;3552007;Silveiras;11715.01;3987.86;32206.108;40275.404;92558.565;Adm. Pública
2021;SP;3552106;Socorro;113684.979;134639.933;581522.818;180394.994;1120219.486;Serviços
2021;SP;3552205;Sorocaba;43587.377;11416523.526;20709422.068;2960148.0;44533398.241;Serviços
2021;SP;3552304;Sud Mennucci;82363.193;9944.752;74978.087;47715.315;226784.378;Agropecuária
2021;SP;3552403;Sumaré;328221.75;4539680.55;7114201.096;1149288.71;16179891.951;Serviços
2021;SP;3552502;Suzano;365314.028;5291217.803;5335113.26;1214448.17;14811513.691;Serviços
2021;SP;3552551;Suzanápolis;36433.753;142422.703;96822.567;27419.425;341980.906;Indústria
2021;SP;3552601;Tabapuã;77407.832;11555.619;121741.022;62127.838;287136.559;Serviços
2021;SP;3552700;Tabatinga;78089.282;29679.683;133545.56;77089.874;340423.445;Serviços
2021;SP;3552809;Taboão da Serra;265.211;2086009.277;5310499.081;1252193.145;10291072.498;Serviços
2021;SP;3552908;Taciba;68762.806;10090.195;54417.335;46713.717;186412.175;Agropecuária
2021;SP;3553005;Taguaí;55797.041;20165.789;171943.913;63891.786;343427.748;Serviços
2021;SP;3553104;Taiaçu;28186.582;2699.843;44400.285;28776.496;109907.367;Serviços
2021;SP;3553203;Taiúva;24191.068;20237.949;52322.844;31400.116;139651.101;Serviços
2021;SP;3553302;Tambaú;78980.377;158476.676;304125.371;95553.04;700419.073;Serviços
2021;SP;3553401;Tanabi;132284.228;461061.387;480104.57;124694.717;1323569.967;Serviços
2021;SP;3553500;Tapiraí;68949.22;11578.765;55735.276;40565.281;185138.411;Agropecuária
2021;SP;3553609;Tapiratiba;72223.91;25469.716;125753.736;60004.652;301184.818;Serviços
2021;SP;3553658;Taquaral;7715.097;1850.936;14486.849;20223.797;46861.863;Adm. Pública
2021;SP;3553708;Taquaritinga;115944.357;235408.591;885902.109;272970.048;1660014.384;Serviços
2021;SP;3553807;Taquarituba;132339.82;66621.372;574067.49;100748.895;988151.947;Serviços
2021;SP;3553856;Taquarivaí;122948.156;16843.793;157444.137;35426.188;367323.698;Serviços
2021;SP;3553906;Tarabai;16002.304;14259.364;60792.112;42013.462;168350.324;Serviços
2021;SP;3553955;Tarumã;56414.134;342396.588;316519.163;77491.177;897036.192;Indústria
2021;SP;3554003;Tatuí;154857.403;1324244.268;2439454.528;526084.162;5076192.938;Serviços
2021;SP;3554102;Taubaté;29195.862;4619437.11;7062455.685;1494813.013;16199985.933;Serviços
2021;SP;3554201;Tejupá;74288.846;4616.711;29408.651;25903.365;138116.334;Agropecuária
2021;SP;3554300;Teodoro Sampaio;125733.521;89635.136;265524.496;103985.516;627028.261;Serviços
2021;SP;3554409;Terra Roxa;42624.259;15260.385;63207.555;45914.494;174935.246;Serviços
2021;SP;3554508;Tietê;64791.462;734290.347;854750.252;214403.526;2158402.234;Serviços
2021;SP;3554607;Timburi;24316.821;2843.964;17936.369;19346.577;66301.28;Agropecuária
2021;SP;3554656;Torre de Pedra;2822.443;2481.025;14580.731;16230.499;37756.621;Adm. Pública
2021;SP;3554706;Torrinha;68706.213;27529.067;120260.732;45387.966;284592.255;Serviços
2021;SP;3554755;Trabiju;9226.651;4962.707;12380.141;15981.989;44919.531;Adm. Pública
2021;SP;3554805;Tremembé;12195.007;180772.247;398574.987;215319.233;896633.754;Serviços
2021;SP;3554904;Três Fronteiras;23088.42;8711.591;52012.067;31356.597;122035.537;Serviços
2021;SP;3554953;Tuiuti;43333.376;6697.597;86971.045;31495.348;181790.461;Serviços
2021;SP;3555000;Tupã;193785.747;289544.79;1243051.898;275150.707;2213337.24;Serviços
2021;SP;3555109;Tupi Paulista;43825.339;9779.23;193547.67;73728.046;340357.291;Serviços
2021;SP;3555208;Turiúba;21508.551;2346.69;15192.574;15777.222;56424.618;Agropecuária
2021;SP;3555307;Turmalina;37998.619;3096.682;15557.667;14853.303;73691.514;Agropecuária
2021;SP;3555356;Ubarana;37290.128;79174.59;50542.026;36674.157;212639.004;Indústria
2021;SP;3555406;Ubatuba;31826.987;381498.027;1654039.192;482564.721;2705941.156;Serviços
2021;SP;3555505;Ubirajara;30979.063;5088.472;40952.197;32485.898;114467.732;Serviços
2021;SP;3555604;Uchoa;38483.852;143054.14;127884.479;50079.771;401840.509;Indústria
2021;SP;3555703;União Paulista;20856.867;2472.881;16340.222;16201.576;57594.759;Agropecuária
2021;SP;3555802;Urânia;89081.036;31474.634;107196.73;37625.921;286014.199;Serviços
2021;SP;3555901;Uru;15392.137;1861.27;12625.748;15184.252;46392.065;Agropecuária
2021;SP;3556008;Urupês;96842.634;39978.607;224435.235;75254.706;483324.505;Serviços
2021;SP;3556107;Valentim Gentil;23344.673;141998.187;160684.032;61920.349;437546.287;Serviços
2021;SP;3556206;Valinhos;57997.585;1796025.796;3845353.053;657577.284;7969199.991;Serviços
2021;SP;3556305;Valparaíso;138004.542;449113.554;379299.013;142460.757;1236296.888;Indústria
2021;SP;3556354;Vargem;12805.434;13569.871;72837.108;42707.275;153401.48;Serviços
2021;SP;3556404;Vargem Grande do Sul;59764.36;221264.678;670165.935;174876.449;1287338.885;Serviços
2021;SP;3556453;Vargem Grande Paulista;43369.001;641802.059;1368881.741;275206.948;2898202.787;Serviços
2021;SP;3556503;Várzea Paulista;2910.654;1326933.945;1594687.474;484951.255;3965839.453;Serviços
2021;SP;3556602;Vera Cruz;23928.208;8141.643;136683.118;48491.658;240193.45;Serviços
2021;SP;3556701;Vinhedo;14330.505;3476251.858;5428696.996;554172.339;12557908.972;Serviços
2021;SP;3556800;Viradouro;42303.844;60045.235;209493.978;90416.126;443704.352;Serviços
2021;SP;3556909;Vista Alegre do Alto;33887.394;150924.149;144839.52;45133.927;425057.809;Indústria
2021;SP;3556958;Vitória Brasil;7651.375;1930.555;18826.427;13865.715;45178.636;Serviços
2021;SP;3557006;Votorantim;3661.49;932430.123;1897868.436;549536.002;3919236.248;Serviços
2021;SP;3557105;Votuporanga;63921.381;720558.066;2277197.924;387363.358;3862539.651;Serviços
2021;SP;3557154;Zacarias;60922.172;13184.488;29175.66;21355.46;130188.73;Agropecuária
2021;SP;3557204;Chavantes;26826.392;20929.378;129521.785;64975.589;266344.771;Serviços
2021;SP;3557303;Estiva Gerbi;55493.171;92781.439;133306.477;60521.225;389432.135;Serviços
